user,touser,text
t.kasai,shigetatomoki,"  10月5日 (金) 9:00 , 日本標準時 にこのチャンネルでこれをリマインドするよう設定しました : “残留届の提出” "
t.kasai,takano,下記の対応の準備をお願いできますか。 1. 築地君と上村君と笠井君が作成したビデオ2本の上映 2. 青木君のspeakingシステムと上村君のlisteningシステム 3. 芳賀君のarダイナミックプレビューと、柴本さんのWebでの画像編集機能 4. 中間発表のポスター資料 5. その他動くデモ
daiju.haga-1521042,takano,下記の対応の準備をお願いできますか。 1. 築地君と上村君と笠井君が作成したビデオ2本の上映 2. 青木君のspeakingシステムと上村君のlisteningシステム 3. 芳賀君のarダイナミックプレビューと、柴本さんのWebでの画像編集機能 4. 中間発表のポスター資料 5. その他動くデモ
ko-hei,takano,下記の対応の準備をお願いできますか。 1. 築地君と上村君と笠井君が作成したビデオ2本の上映 2. 青木君のspeakingシステムと上村君のlisteningシステム 3. 芳賀君のarダイナミックプレビューと、柴本さんのWebでの画像編集機能 4. 中間発表のポスター資料 5. その他動くデモ
tsukiji,takano,下記の対応の準備をお願いできますか。 1. 築地君と上村君と笠井君が作成したビデオ2本の上映 2. 青木君のspeakingシステムと上村君のlisteningシステム 3. 芳賀君のarダイナミックプレビューと、柴本さんのWebでの画像編集機能 4. 中間発表のポスター資料 5. その他動くデモ
shibamoto,takano,下記の対応の準備をお願いできますか。 1. 築地君と上村君と笠井君が作成したビデオ2本の上映 2. 青木君のspeakingシステムと上村君のlisteningシステム 3. 芳賀君のarダイナミックプレビューと、柴本さんのWebでの画像編集機能 4. 中間発表のポスター資料 5. その他動くデモ
t.kasai,takano,みなさん、7/22にオープンキャンパスの研究室公開担当でした！
ko-hei,takano,みなさん、7/22にオープンキャンパスの研究室公開担当でした！
urano_ryoya,takano,みなさん、7/22にオープンキャンパスの研究室公開担当でした！
shigetatomoki,takano,みなさん、7/22にオープンキャンパスの研究室公開担当でした！
t.kasai,takano,みなさん、7/22にオープンキャンパスの研究室公開担当でした！
ko-hei,takano,みなさん、7/22にオープンキャンパスの研究室公開担当でした！
urano_ryoya,takano,みなさん、7/22にオープンキャンパスの研究室公開担当でした！
t.kasai,takano,みなさん、7/22にオープンキャンパスの研究室公開担当でした！
ko-hei,takano,みなさん、7/22にオープンキャンパスの研究室公開担当でした！
urano_ryoya,takano,みなさん、7/22にオープンキャンパスの研究室公開担当でした！
daiju.haga-1521042,takano,みなさん、7/22にオープンキャンパスの研究室公開担当でした！
hisatsugu_1521038,takano,みなさん、7/22にオープンキャンパスの研究室公開担当でした！
shigetatomoki,takano,みなさん、7/22にオープンキャンパスの研究室公開担当でした！
shibamoto,takano,みなさん、7/22にオープンキャンパスの研究室公開担当でした！
tsukiji,takano,みなさん、7/22にオープンキャンパスの研究室公開担当でした！
ko-hei,takano,みなさん、7/22にオープンキャンパスの研究室公開担当でした！
urano_ryoya,takano,みなさん、7/22にオープンキャンパスの研究室公開担当でした！
syun070822,takano,みなさん、7/22にオープンキャンパスの研究室公開担当でした！
urano_ryoya,takano,みなさん、7/22にオープンキャンパスの研究室公開担当でした！
ko-hei,takano,みなさん、7/22にオープンキャンパスの研究室公開担当でした！
syun070822,takano,みなさん、7/22にオープンキャンパスの研究室公開担当でした！
ko-hei,takano,みなさん、7/22にオープンキャンパスの研究室公開担当でした！
daiju.haga-1521042,shibamoto,"  7月20日 (金) 9:00 , 日本標準時 にこのチャンネルでこれをリマインドするよう設定しました : “残留届を提出して下さい。” "
t.kasai,takano,明日のチュラ研修生のプログラムです。
hisatsugu_1521038,takano,明日のチュラ研修生のプログラムです。
shibamoto,takano,明日のチュラ研修生のプログラムです。
syun070822,takano,明日のチュラ研修生のプログラムです。
ko-hei,takano,長沼君、チーさん、トリンくんもお誘いください。
ko-hei,takano,長沼君、チーさん、トリンくんもお誘いください。
shibamoto,takano,長沼君、チーさん、トリンくんもお誘いください。
hisatsugu_1521038,takano,長沼君、チーさん、トリンくんもお誘いください。
ko-hei,takano,5月28日（月）より、チュラロンコーン大学の学生が研究室に来ます。Chalisa Kittirojrattanaさんです。 研究室でのお世話やコミュケーションなどをはかって、Chalisaさんとみなさんの双方にとって、良い体験ができるように協力お願いします。
daiju.haga-1521042,takano,5月28日（月）より、チュラロンコーン大学の学生が研究室に来ます。Chalisa Kittirojrattanaさんです。 研究室でのお世話やコミュケーションなどをはかって、Chalisaさんとみなさんの双方にとって、良い体験ができるように協力お願いします。
tsukiji,takano,5月28日（月）より、チュラロンコーン大学の学生が研究室に来ます。Chalisa Kittirojrattanaさんです。 研究室でのお世話やコミュケーションなどをはかって、Chalisaさんとみなさんの双方にとって、良い体験ができるように協力お願いします。
shibamoto,takano,5月28日（月）より、チュラロンコーン大学の学生が研究室に来ます。Chalisa Kittirojrattanaさんです。 研究室でのお世話やコミュケーションなどをはかって、Chalisaさんとみなさんの双方にとって、良い体験ができるように協力お願いします。
daiju.haga-1521042,shibamoto,"  6月8日 (金) 9:00 , 日本標準時 にこのチャンネルでこれをリマインドするよう設定しました : to “残留届を出してください” "
urano_ryoya,shibamoto,"  6月8日 (金) 9:00 , 日本標準時 にこのチャンネルでこれをリマインドするよう設定しました : to “残留届を出してください” "
t.kasai,shibamoto,"  6月8日 (金) 9:00 , 日本標準時 にこのチャンネルでこれをリマインドするよう設定しました : to “残留届を出してください” "
shigetatomoki,shibamoto,"  6月8日 (金) 9:00 , 日本標準時 にこのチャンネルでこれをリマインドするよう設定しました : to “残留届を出してください” "
t.kasai,tsukiji,MATLAB学校アカウントで使えるらしいです
ko-hei,tsukiji,MATLAB学校アカウントで使えるらしいです
shibamoto,tsukiji,MATLAB学校アカウントで使えるらしいです
t.kasai,tsukiji,MATLAB学校アカウントで使えるらしいです
ko-hei,tsukiji,MATLAB学校アカウントで使えるらしいです
shibamoto,tsukiji,MATLAB学校アカウントで使えるらしいです
shigetatomoki,tsukiji,MATLAB学校アカウントで使えるらしいです
kaiseiaoki,t.kasai,<!everyone>  明日（2/20）最後の懇親会というか飲み会やります。 参加自由なので3・4年生関係なく参加できる人だけ参加してほしい感じです。（遠方の人は無理しなくて大丈夫です） ピザとかビールとかワインとかの予定です。 18時開始の予定です。よろしくお願いします。
matsuoka,t.kasai,<!everyone>  明日（2/20）最後の懇親会というか飲み会やります。 参加自由なので3・4年生関係なく参加できる人だけ参加してほしい感じです。（遠方の人は無理しなくて大丈夫です） ピザとかビールとかワインとかの予定です。 18時開始の予定です。よろしくお願いします。
yuta,t.kasai,<!everyone>  明日（2/20）最後の懇親会というか飲み会やります。 参加自由なので3・4年生関係なく参加できる人だけ参加してほしい感じです。（遠方の人は無理しなくて大丈夫です） ピザとかビールとかワインとかの予定です。 18時開始の予定です。よろしくお願いします。
takahashiy,t.kasai,<!everyone>  明日（2/20）最後の懇親会というか飲み会やります。 参加自由なので3・4年生関係なく参加できる人だけ参加してほしい感じです。（遠方の人は無理しなくて大丈夫です） ピザとかビールとかワインとかの予定です。 18時開始の予定です。よろしくお願いします。
ko-hei,t.kasai,<!everyone>  明日（2/20）最後の懇親会というか飲み会やります。 参加自由なので3・4年生関係なく参加できる人だけ参加してほしい感じです。（遠方の人は無理しなくて大丈夫です） ピザとかビールとかワインとかの予定です。 18時開始の予定です。よろしくお願いします。
tsukiji,t.kasai,<!everyone>  明日（2/20）最後の懇親会というか飲み会やります。 参加自由なので3・4年生関係なく参加できる人だけ参加してほしい感じです。（遠方の人は無理しなくて大丈夫です） ピザとかビールとかワインとかの予定です。 18時開始の予定です。よろしくお願いします。
ko-hei,t.kasai,<!everyone>  明日（2/20）最後の懇親会というか飲み会やります。 参加自由なので3・4年生関係なく参加できる人だけ参加してほしい感じです。（遠方の人は無理しなくて大丈夫です） ピザとかビールとかワインとかの予定です。 18時開始の予定です。よろしくお願いします。
shibamoto,t.kasai,<!everyone>  明日（2/20）最後の懇親会というか飲み会やります。 参加自由なので3・4年生関係なく参加できる人だけ参加してほしい感じです。（遠方の人は無理しなくて大丈夫です） ピザとかビールとかワインとかの予定です。 18時開始の予定です。よろしくお願いします。
ko-hei,t.kasai,<!everyone>  明日（2/20）最後の懇親会というか飲み会やります。 参加自由なので3・4年生関係なく参加できる人だけ参加してほしい感じです。（遠方の人は無理しなくて大丈夫です） ピザとかビールとかワインとかの予定です。 18時開始の予定です。よろしくお願いします。
daiju.haga-1521042,t.kasai,<!everyone>  明日（2/20）最後の懇親会というか飲み会やります。 参加自由なので3・4年生関係なく参加できる人だけ参加してほしい感じです。（遠方の人は無理しなくて大丈夫です） ピザとかビールとかワインとかの予定です。 18時開始の予定です。よろしくお願いします。
ko-hei,ishikawa,<!everyone>  3年生の皆さんへ お疲れ様です、石川です。少し前に4年生から研究紹介があったと思いますが、来年度に向けて、4年生がおこなってきた卒業研究の引き継ぎ会を2月26日（月）に実施します。 この引き継ぎ会では、4年生が取り組んできた研究内容を3年生が引き継げるように、そして4年生に上がる皆さんが1年間研究室で卒業研究に取り組んでいく中で、 必要な情報を共有する回になります。出来る限り参加してください。
kaiseiaoki,ishikawa,<!everyone>  3年生の皆さんへ お疲れ様です、石川です。少し前に4年生から研究紹介があったと思いますが、来年度に向けて、4年生がおこなってきた卒業研究の引き継ぎ会を2月26日（月）に実施します。 この引き継ぎ会では、4年生が取り組んできた研究内容を3年生が引き継げるように、そして4年生に上がる皆さんが1年間研究室で卒業研究に取り組んでいく中で、 必要な情報を共有する回になります。出来る限り参加してください。
yuta,ishikawa,<!everyone>  3年生の皆さんへ お疲れ様です、石川です。少し前に4年生から研究紹介があったと思いますが、来年度に向けて、4年生がおこなってきた卒業研究の引き継ぎ会を2月26日（月）に実施します。 この引き継ぎ会では、4年生が取り組んできた研究内容を3年生が引き継げるように、そして4年生に上がる皆さんが1年間研究室で卒業研究に取り組んでいく中で、 必要な情報を共有する回になります。出来る限り参加してください。
shohei516,ishikawa,<!everyone>  3年生の皆さんへ お疲れ様です、石川です。少し前に4年生から研究紹介があったと思いますが、来年度に向けて、4年生がおこなってきた卒業研究の引き継ぎ会を2月26日（月）に実施します。 この引き継ぎ会では、4年生が取り組んできた研究内容を3年生が引き継げるように、そして4年生に上がる皆さんが1年間研究室で卒業研究に取り組んでいく中で、 必要な情報を共有する回になります。出来る限り参加してください。
matsuoka,ishikawa,<!everyone>  3年生の皆さんへ お疲れ様です、石川です。少し前に4年生から研究紹介があったと思いますが、来年度に向けて、4年生がおこなってきた卒業研究の引き継ぎ会を2月26日（月）に実施します。 この引き継ぎ会では、4年生が取り組んできた研究内容を3年生が引き継げるように、そして4年生に上がる皆さんが1年間研究室で卒業研究に取り組んでいく中で、 必要な情報を共有する回になります。出来る限り参加してください。
takahashiy,ishikawa,<!everyone>  3年生の皆さんへ お疲れ様です、石川です。少し前に4年生から研究紹介があったと思いますが、来年度に向けて、4年生がおこなってきた卒業研究の引き継ぎ会を2月26日（月）に実施します。 この引き継ぎ会では、4年生が取り組んできた研究内容を3年生が引き継げるように、そして4年生に上がる皆さんが1年間研究室で卒業研究に取り組んでいく中で、 必要な情報を共有する回になります。出来る限り参加してください。
hisatsugu_1521038,ishikawa,<!everyone>  3年生の皆さんへ お疲れ様です、石川です。少し前に4年生から研究紹介があったと思いますが、来年度に向けて、4年生がおこなってきた卒業研究の引き継ぎ会を2月26日（月）に実施します。 この引き継ぎ会では、4年生が取り組んできた研究内容を3年生が引き継げるように、そして4年生に上がる皆さんが1年間研究室で卒業研究に取り組んでいく中で、 必要な情報を共有する回になります。出来る限り参加してください。
urano_ryoya,ishikawa,<!everyone>  3年生の皆さんへ お疲れ様です、石川です。少し前に4年生から研究紹介があったと思いますが、来年度に向けて、4年生がおこなってきた卒業研究の引き継ぎ会を2月26日（月）に実施します。 この引き継ぎ会では、4年生が取り組んできた研究内容を3年生が引き継げるように、そして4年生に上がる皆さんが1年間研究室で卒業研究に取り組んでいく中で、 必要な情報を共有する回になります。出来る限り参加してください。
daiju.haga-1521042,ishikawa,<!everyone>  3年生の皆さんへ お疲れ様です、石川です。少し前に4年生から研究紹介があったと思いますが、来年度に向けて、4年生がおこなってきた卒業研究の引き継ぎ会を2月26日（月）に実施します。 この引き継ぎ会では、4年生が取り組んできた研究内容を3年生が引き継げるように、そして4年生に上がる皆さんが1年間研究室で卒業研究に取り組んでいく中で、 必要な情報を共有する回になります。出来る限り参加してください。
kaiseiaoki,tsukiji,昔の引継ぎに関する資料を送ります
matsuoka,tsukiji,昔の引継ぎに関する資料を送ります
daiju.haga-1521042,tsukiji,昔の引継ぎに関する資料を送ります
shibamoto,tsukiji,昔の引継ぎに関する資料を送ります
shigetatomoki,tsukiji,昔の引継ぎに関する資料を送ります
t.kasai,takano,修士中間ポスターは18時以降に速やかにはがしてください、とのことです
ko-hei,takano,修士中間ポスターは18時以降に速やかにはがしてください、とのことです
t.kasai,takano,<@U107MMD8Q> 松岡さんの卒研発表ですが、山本先生、須藤先生からとても高い評価をしてもらい、山本先生からはお褒めの言葉を頂きました。良かったですね！
ko-hei,takano,<@U107MMD8Q> 松岡さんの卒研発表ですが、山本先生、須藤先生からとても高い評価をしてもらい、山本先生からはお褒めの言葉を頂きました。良かったですね！
shohei516,takano,<@U107MMD8Q> 松岡さんの卒研発表ですが、山本先生、須藤先生からとても高い評価をしてもらい、山本先生からはお褒めの言葉を頂きました。良かったですね！
kaiseiaoki,takano,<@U107MMD8Q> 松岡さんの卒研発表ですが、山本先生、須藤先生からとても高い評価をしてもらい、山本先生からはお褒めの言葉を頂きました。良かったですね！
yuta,takano,<@U107MMD8Q> 松岡さんの卒研発表ですが、山本先生、須藤先生からとても高い評価をしてもらい、山本先生からはお褒めの言葉を頂きました。良かったですね！
t.kasai,takano,<@U107MMD8Q> 松岡さんの卒研発表ですが、山本先生、須藤先生からとても高い評価をしてもらい、山本先生からはお褒めの言葉を頂きました。良かったですね！
ko-hei,takano,<@U107MMD8Q> 松岡さんの卒研発表ですが、山本先生、須藤先生からとても高い評価をしてもらい、山本先生からはお褒めの言葉を頂きました。良かったですね！
shohei516,takano,<@U107MMD8Q> 松岡さんの卒研発表ですが、山本先生、須藤先生からとても高い評価をしてもらい、山本先生からはお褒めの言葉を頂きました。良かったですね！
kaiseiaoki,takano,<@U107MMD8Q> 松岡さんの卒研発表ですが、山本先生、須藤先生からとても高い評価をしてもらい、山本先生からはお褒めの言葉を頂きました。良かったですね！
ishikawa,takano,<@U107MMD8Q> 松岡さんの卒研発表ですが、山本先生、須藤先生からとても高い評価をしてもらい、山本先生からはお褒めの言葉を頂きました。良かったですね！
t.kasai,takano,<@U107MMD8Q> 松岡さんの卒研発表ですが、山本先生、須藤先生からとても高い評価をしてもらい、山本先生からはお褒めの言葉を頂きました。良かったですね！
ko-hei,takano,<@U107MMD8Q> 松岡さんの卒研発表ですが、山本先生、須藤先生からとても高い評価をしてもらい、山本先生からはお褒めの言葉を頂きました。良かったですね！
shohei516,takano,<@U107MMD8Q> 松岡さんの卒研発表ですが、山本先生、須藤先生からとても高い評価をしてもらい、山本先生からはお褒めの言葉を頂きました。良かったですね！
tsukiji,takano,<@U107MMD8Q> 松岡さんの卒研発表ですが、山本先生、須藤先生からとても高い評価をしてもらい、山本先生からはお褒めの言葉を頂きました。良かったですね！
kaiseiaoki,takano,<@U107MMD8Q> 松岡さんの卒研発表ですが、山本先生、須藤先生からとても高い評価をしてもらい、山本先生からはお褒めの言葉を頂きました。良かったですね！
shibamoto,takano,<@U107MMD8Q> 松岡さんの卒研発表ですが、山本先生、須藤先生からとても高い評価をしてもらい、山本先生からはお褒めの言葉を頂きました。良かったですね！
shigetatomoki,takano,<@U107MMD8Q> 松岡さんの卒研発表ですが、山本先生、須藤先生からとても高い評価をしてもらい、山本先生からはお褒めの言葉を頂きました。良かったですね！
t.kasai,takano,<@U107MMD8Q> 松岡さんの卒研発表ですが、山本先生、須藤先生からとても高い評価をしてもらい、山本先生からはお褒めの言葉を頂きました。良かったですね！
ko-hei,takano,<@U107MMD8Q> 松岡さんの卒研発表ですが、山本先生、須藤先生からとても高い評価をしてもらい、山本先生からはお褒めの言葉を頂きました。良かったですね！
shohei516,takano,<@U107MMD8Q> 松岡さんの卒研発表ですが、山本先生、須藤先生からとても高い評価をしてもらい、山本先生からはお褒めの言葉を頂きました。良かったですね！
kaiseiaoki,takano,<@U107MMD8Q> 松岡さんの卒研発表ですが、山本先生、須藤先生からとても高い評価をしてもらい、山本先生からはお褒めの言葉を頂きました。良かったですね！
ko-hei,shohei516,残留届を提出しました。 なお，今年度一杯は休講日ということなので 今後提出する際は  ○月○日 08時 ~ ○月○日 08時 と書いてください.
tsukiji,shohei516,残留届を提出しました。 なお，今年度一杯は休講日ということなので 今後提出する際は  ○月○日 08時 ~ ○月○日 08時 と書いてください.
t.kasai,shohei516,残留届を提出しました。 なお，今年度一杯は休講日ということなので 今後提出する際は  ○月○日 08時 ~ ○月○日 08時 と書いてください.
kaiseiaoki,shohei516,残留届を提出しました。 なお，今年度一杯は休講日ということなので 今後提出する際は  ○月○日 08時 ~ ○月○日 08時 と書いてください.
yuta,shohei516,残留届を提出しました。 なお，今年度一杯は休講日ということなので 今後提出する際は  ○月○日 08時 ~ ○月○日 08時 と書いてください.
tsukiji,t.kasai,年末から稼働していなかった学内回線の無線LANアクセスポイントを再稼働させました 再稼働させる際に設定変更を行ったのでSSIDとパスワードが以前と異なります SSID： 　takanolab-campus-24（2.4GHz） 　takanolab-campus-5（5GHz） パスワード（両方共通）： 　takanolab
ishikawa,t.kasai,年末から稼働していなかった学内回線の無線LANアクセスポイントを再稼働させました 再稼働させる際に設定変更を行ったのでSSIDとパスワードが以前と異なります SSID： 　takanolab-campus-24（2.4GHz） 　takanolab-campus-5（5GHz） パスワード（両方共通）： 　takanolab
ishikawa,takano,土日に、センター試験があるので、研究室で作業することはできません。
t.kasai,takano,土日に、センター試験があるので、研究室で作業することはできません。
takahashiy,takano,土日に、センター試験があるので、研究室で作業することはできません。
shohei516,takano,土日に、センター試験があるので、研究室で作業することはできません。
kaiseiaoki,takano,1/17(水)18:00〜 MindとWawaとの交流会 兼送別会をします。
tsukiji,takano,1/17(水)18:00〜 MindとWawaとの交流会 兼送別会をします。
ishikawa,takano,1/17(水)18:00〜 MindとWawaとの交流会 兼送別会をします。
t.kasai,takano,1/17(水)18:00〜 MindとWawaとの交流会 兼送別会をします。
daiju.haga-1521042,takano,1/17(水)18:00〜 MindとWawaとの交流会 兼送別会をします。
shibamoto,takano,1/17(水)18:00〜 MindとWawaとの交流会 兼送別会をします。
kaiseiaoki,takano,スライド5のタイトル：読み書き頻度の高い単語の抽出例
ishikawa,takano,<@U106UP90U> 石川くんはむりでしたね。
kaiseiaoki,takano,<@U105P17QT> <@U107MMD8Q> <@U12475CJC> <@U106UP90U> 明日ですが、学会の会場準備で横浜に行きます。14:00から予定しているのだけど、みんなこれるのだっけ？
t.kasai,kaiseiaoki,"連絡が遅れましたが、dolphin,swallowなどのサーバを起動させました　他に何かあれば連絡お願いします。"
t.kasai,kaiseiaoki,明日の午前中くらいにサーバーなどを再起動させます　他にしてほしい作業のある方は連絡お願いいたします
umetani,kaiseiaoki,明日の午前中くらいにサーバーなどを再起動させます　他にしてほしい作業のある方は連絡お願いいたします
takano,kaiseiaoki,明日の午前中くらいにサーバーなどを再起動させます　他にしてほしい作業のある方は連絡お願いいたします
ishikawa,ko-hei,<!channel> 本日、鷹野研究室の忘年会を開催します！時間は18時ごろを予定しています！ 参加したい人は18時ごろに研究室に集まってください！
kaiseiaoki,takano,電車を一本乗り遅れたので、10:50頃到着予定です。
ishikawa,takano,電車を一本乗り遅れたので、10:50頃到着予定です。
matsuoka,takano,電車を一本乗り遅れたので、10:50頃到着予定です。
kaiseiaoki,takano,明日から、チュラの学生２名が１か月間、鷹野研配属になります。
ishikawa,takano,明日から、チュラの学生２名が１か月間、鷹野研配属になります。
t.kasai,takano,明日から、チュラの学生２名が１か月間、鷹野研配属になります。
ko-hei,takano,明日から、チュラの学生２名が１か月間、鷹野研配属になります。
shibamoto,takano,明日から、チュラの学生２名が１か月間、鷹野研配属になります。
umetani,takano,明日から、チュラの学生２名が１か月間、鷹野研配属になります。
daiju.haga-1521042,takano,明日から、チュラの学生２名が１か月間、鷹野研配属になります。
tsukiji,takano,明日から、チュラの学生２名が１か月間、鷹野研配属になります。
t.kasai,kurihara,（告知が遅くて申し訳ないのですが）諸事情により残留届けを出しそこねているので今日までは22時までに帰宅するようone以外します。明日から残留届けの提出を再開します。
kaiseiaoki,kurihara,（告知が遅くて申し訳ないのですが）諸事情により残留届けを出しそこねているので今日までは22時までに帰宅するようone以外します。明日から残留届けの提出を再開します。
shohei516,kurihara,（告知が遅くて申し訳ないのですが）諸事情により残留届けを出しそこねているので今日までは22時までに帰宅するようone以外します。明日から残留届けの提出を再開します。
umetani,kurihara,（告知が遅くて申し訳ないのですが）諸事情により残留届けを出しそこねているので今日までは22時までに帰宅するようone以外します。明日から残留届けの提出を再開します。
ishikawa,kurihara,（告知が遅くて申し訳ないのですが）諸事情により残留届けを出しそこねているので今日までは22時までに帰宅するようone以外します。明日から残留届けの提出を再開します。
ko-hei,kurihara,（告知が遅くて申し訳ないのですが）諸事情により残留届けを出しそこねているので今日までは22時までに帰宅するようone以外します。明日から残留届けの提出を再開します。
shibamoto,takano,<@U2808K7U2> <@U4YM85G94> <@U79FX6VFF> <@U7D4HNSKX> バタム海外研修の旅程が決まりました。 【往路】 ‪２月２１日（水）・・・搭乗手続きは２月２０日の夜‬ ANA843　羽田　‪００：３０‬－シンガポール　‪０６：５５‬  【復路】 ‪３月１９日（月）‬ ANA844　シンガポール　‪２２：２５‬－羽田　‪０６：００‬(‪3/20‬)
ko-hei,takano,バタム海外研修を検討しているみなさんへ： 11/24(金)が申し込み締切となっています。検討の上、国際センターへ申し込んでください。質問があれば個別でもいいですし、築地くんや上村くんにも聞いてみてください。
shibamoto,takano,バタム海外研修を検討しているみなさんへ： 11/24(金)が申し込み締切となっています。検討の上、国際センターへ申し込んでください。質問があれば個別でもいいですし、築地くんや上村くんにも聞いてみてください。
tsukiji,takano,バタム海外研修を検討しているみなさんへ： 11/24(金)が申し込み締切となっています。検討の上、国際センターへ申し込んでください。質問があれば個別でもいいですし、築地くんや上村くんにも聞いてみてください。
hisatsugu_1521038,takano,To: 主に4年生 スライド資料などはこまめに更新し、githubにアップロードして管理すると良いと思います。後期はクロスチェックも開始します。
daiju.haga-1521042,takano,To: 主に4年生 スライド資料などはこまめに更新し、githubにアップロードして管理すると良いと思います。後期はクロスチェックも開始します。
shibamoto,takano,To: 主に4年生 スライド資料などはこまめに更新し、githubにアップロードして管理すると良いと思います。後期はクロスチェックも開始します。
urano_ryoya,takano,To: 主に4年生 スライド資料などはこまめに更新し、githubにアップロードして管理すると良いと思います。後期はクロスチェックも開始します。
takano,syun070822,<@U0JACJLRJ> 申し込み完了しました。
hisatsugu_1521038,takano,4年生：作業レポートを日々書くようにお願いします。作業を習慣化して欲しいです。 ゼミに出れない場合も、スライドはみんなと共有するようにしてください。
ko-hei,takano,4年生：作業レポートを日々書くようにお願いします。作業を習慣化して欲しいです。 ゼミに出れない場合も、スライドはみんなと共有するようにしてください。
daiju.haga-1521042,takano,4年生：作業レポートを日々書くようにお願いします。作業を習慣化して欲しいです。 ゼミに出れない場合も、スライドはみんなと共有するようにしてください。
shibamoto,takano,4年生：作業レポートを日々書くようにお願いします。作業を習慣化して欲しいです。 ゼミに出れない場合も、スライドはみんなと共有するようにしてください。
shigetatomoki,takano,4年生：作業レポートを日々書くようにお願いします。作業を習慣化して欲しいです。 ゼミに出れない場合も、スライドはみんなと共有するようにしてください。
syun070822,takano,9/24が締め切りなので、9/22頃までが良いです。
t.kasai,takano,一人：発表10分 + 質問5分、程度を想定しておいてください。
daiju.haga-1521042,takano,一人：発表10分 + 質問5分、程度を想定しておいてください。
tsukiji,takano,一人：発表10分 + 質問5分、程度を想定しておいてください。
ko-hei,takano,一人：発表10分 + 質問5分、程度を想定しておいてください。
urano_ryoya,takano,一人：発表10分 + 質問5分、程度を想定しておいてください。
syun070822,takano,一人：発表10分 + 質問5分、程度を想定しておいてください。
takano,syun070822,今自宅に着きました。
t.kasai,syun070822,今自宅に着きました。
ko-hei,syun070822,今自宅に着きました。
t.kasai,syun070822,今自宅に着きました。
ko-hei,syun070822,今自宅に着きました。
tsukiji,syun070822,今自宅に着きました。
ko-hei,syun070822,今自宅に着きました。
t.kasai,syun070822,先生がおっしゃった通り、僕の発表が完了しました。発表自体は落ち着いて行えたと思いました。
ko-hei,syun070822,先生がおっしゃった通り、僕の発表が完了しました。発表自体は落ち着いて行えたと思いました。
t.kasai,syun070822,先生がおっしゃった通り、僕の発表が完了しました。発表自体は落ち着いて行えたと思いました。
ko-hei,syun070822,先生がおっしゃった通り、僕の発表が完了しました。発表自体は落ち着いて行えたと思いました。
t.kasai,syun070822,先生がおっしゃった通り、僕の発表が完了しました。発表自体は落ち着いて行えたと思いました。
hisatsugu_1521038,syun070822,先生がおっしゃった通り、僕の発表が完了しました。発表自体は落ち着いて行えたと思いました。
daiju.haga-1521042,syun070822,先生がおっしゃった通り、僕の発表が完了しました。発表自体は落ち着いて行えたと思いました。
shigetatomoki,syun070822,先生がおっしゃった通り、僕の発表が完了しました。発表自体は落ち着いて行えたと思いました。
ko-hei,syun070822,先生がおっしゃった通り、僕の発表が完了しました。発表自体は落ち着いて行えたと思いました。
syun070822,takano,<@UA0BWS0F8> 出張伺い書の作成と提出をお願いできますか。
daiju.haga-1521042,takano,学会関連： KBS(11/23) -&gt; （浦野、重田、久次）、柴本 JSiSE第5回(1/12) -&gt; 羽賀 DEIM(3月) -&gt; 笠井、藤田、（築地？）、（上村？）
tsukiji,ko-hei,
shibamoto,ko-hei,
tsukiji,ko-hei,
shibamoto,ko-hei,
shibamoto,ko-hei,<@U0JACJLRJ> わかりました．僕は行こうと思います．
takano,tsukiji,<@U0JACJLRJ>  研究会後の11日から16まで実家に帰るので9/12日のセミナーは欠席します
ko-hei,takano,通常のゼミと同様に、特別な事情がなければ出席してください。
shibamoto,takano,通常のゼミと同様に、特別な事情がなければ出席してください。
takano,syun070822,<@U0JACJLRJ> 現在宿泊先などは調べている段階ですが、スケジュールの通り、発表日が9/13(木)のため、9/12(水)には出発しようと考えています。
daiju.haga-1521042,takano,コミュニケーションは作業の推進と、作業内容の質改善に必要なプロセスなので、継続したコミュニケーションをお願いします。
tsukiji,takano,コミュニケーションは作業の推進と、作業内容の質改善に必要なプロセスなので、継続したコミュニケーションをお願いします。
shibamoto,takano,コミュニケーションは作業の推進と、作業内容の質改善に必要なプロセスなので、継続したコミュニケーションをお願いします。
syun070822,takano,コミュニケーションは作業の推進と、作業内容の質改善に必要なプロセスなので、継続したコミュニケーションをお願いします。
hisatsugu_1521038,takano,コミュニケーションは作業の推進と、作業内容の質改善に必要なプロセスなので、継続したコミュニケーションをお願いします。
shigetatomoki,takano,コミュニケーションは作業の推進と、作業内容の質改善に必要なプロセスなので、継続したコミュニケーションをお願いします。
ko-hei,takano,コミュニケーションは作業の推進と、作業内容の質改善に必要なプロセスなので、継続したコミュニケーションをお願いします。
hisatsugu_1521038,takano,「近年」という書き出しは便利だけど、曖昧な表現です。 <http://www.katayama.nuee.nagoya-u.ac.jp/~katayama/presentation/index.html>
daiju.haga-1521042,takano,「近年」という書き出しは便利だけど、曖昧な表現です。 <http://www.katayama.nuee.nagoya-u.ac.jp/~katayama/presentation/index.html>
ko-hei,t.kasai,停電停止後の20時以降に再起動する予定です
ko-hei,t.kasai,停電停止後の20時以降に再起動する予定です
t.kasai,takano,昨日無事バンコクに着きました！
syun070822,takano,昨日無事バンコクに着きました！
daiju.haga-1521042,takano,昨日無事バンコクに着きました！
hisatsugu_1521038,takano,昨日無事バンコクに着きました！
shigetatomoki,takano,昨日無事バンコクに着きました！
urano_ryoya,takano,昨日無事バンコクに着きました！
tsukiji,takano,昨日無事バンコクに着きました！
tsukiji,daiju.haga-1521042,もう帰宅してしまいました。また大学に行って戸締まりします。
daiju.haga-1521042,tsukiji,<@U4XUM59NX> 僕達先に帰っているので、研究室の戸締りよろしくお願いします。 鍵とエアコンと電気を切っておいて下さい
shibamoto,takano,<@U12475CJC> <@U0JAEV08K> <@U2808K7U2> もし飛行機のオンラインチェックインできるなら、しておくと便利だと思います。タイ航空（だっけ？）のwebサイトを確認してみてください。
ko-hei,takano,<@U12475CJC> <@U0JAEV08K> <@U2808K7U2> もし飛行機のオンラインチェックインできるなら、しておくと便利だと思います。タイ航空（だっけ？）のwebサイトを確認してみてください。
shibamoto,tsukiji,タイで一応を付けることなど書かれたサイトがあるので、向こうのマナー的なことも含めてみてみるといいと思います
tsukiji,takano,スーツはいらないと思いますが、エリ付きシャツ、ネクタイ、スラックスはあると良いと思います。
tsukiji,takano,<@U0JAEV08K> <@U12475CJC> <@U2808K7U2> タイへの出発いよいよですね。お土産を準備しておくと良いと思います。あと、自己紹介、簡単な研究紹介も英語でできるように準備しておくと良いでしょう。
ko-hei,takano,<@U0JAEV08K> <@U12475CJC> <@U2808K7U2> タイへの出発いよいよですね。お土産を準備しておくと良いと思います。あと、自己紹介、簡単な研究紹介も英語でできるように準備しておくと良いでしょう。
shibamoto,takano,<@U0JAEV08K> <@U12475CJC> <@U2808K7U2> タイへの出発いよいよですね。お土産を準備しておくと良いと思います。あと、自己紹介、簡単な研究紹介も英語でできるように準備しておくと良いでしょう。
shigetatomoki,daiju.haga-1521042,ピザも受け取りました。
shibamoto,daiju.haga-1521042,ピザも受け取りました。
ko-hei,takano,チュラ生は9時にKAIT出発らしいので、その直前の1～2時間だと思います。
ko-hei,takano,Chiさんも。
ko-hei,takano,ありがとう。Juneも誘ってもらっていいですか。
t.kasai,takano,明日7/26(木)15:00から、チュラ研修生の成果発表会があります。 みなさん、是非参加してください。  ■ チュラ研修生の最終成果発表会 日時：7 月26 日（木）4 限 (15:00-16:50) 場所：K1 306 教室
ko-hei,takano,明日7/26(木)15:00から、チュラ研修生の成果発表会があります。 みなさん、是非参加してください。  ■ チュラ研修生の最終成果発表会 日時：7 月26 日（木）4 限 (15:00-16:50) 場所：K1 306 教室
urano_ryoya,takano,明日7/26(木)15:00から、チュラ研修生の成果発表会があります。 みなさん、是非参加してください。  ■ チュラ研修生の最終成果発表会 日時：7 月26 日（木）4 限 (15:00-16:50) 場所：K1 306 教室
shibamoto,takano,明日7/26(木)15:00から、チュラ研修生の成果発表会があります。 みなさん、是非参加してください。  ■ チュラ研修生の最終成果発表会 日時：7 月26 日（木）4 限 (15:00-16:50) 場所：K1 306 教室
hisatsugu_1521038,takano,- 背景で、どうしてこの研究をやる価値があるのかを伝え、解決しなければいけない問題点を述べ、「本研究で提案する内容」をわかりやすく説明すれば大体伝わると思います。
shibamoto,takano,- 背景で、どうしてこの研究をやる価値があるのかを伝え、解決しなければいけない問題点を述べ、「本研究で提案する内容」をわかりやすく説明すれば大体伝わると思います。
daiju.haga-1521042,takano,- 背景で、どうしてこの研究をやる価値があるのかを伝え、解決しなければいけない問題点を述べ、「本研究で提案する内容」をわかりやすく説明すれば大体伝わると思います。
urano_ryoya,takano,- 背景で、どうしてこの研究をやる価値があるのかを伝え、解決しなければいけない問題点を述べ、「本研究で提案する内容」をわかりやすく説明すれば大体伝わると思います。
tsukiji,syun070822,手早くcsvの結合ができるため、csvを扱うときにどうぞ。(txtファイルやtsvファイルもできます。) <https://rakuzanet.jp/txt-csv-combine-zukai.html>
takano,ko-hei,<@U0JACJLRJ> 僕と長沼は自宅に無事到着しました。
t.kasai,ko-hei,<@U0JACJLRJ> 僕と長沼は自宅に無事到着しました。
t.kasai,ko-hei,<@U0JACJLRJ> 僕と長沼は自宅に無事到着しました。
urano_ryoya,ko-hei,<@U0JACJLRJ> 僕と長沼は自宅に無事到着しました。
t.kasai,ko-hei,<@U0JACJLRJ> 僕と長沼は自宅に無事到着しました。
syun070822,ko-hei,<@U0JACJLRJ> 僕と長沼は自宅に無事到着しました。
shibamoto,ko-hei,<@U0JACJLRJ> 僕と長沼は自宅に無事到着しました。
t.kasai,takano,今日の終了時刻は16:00とお伝えしましたが、15:30の終了予定です。ただ、終了時刻頃にまだお客さんがいるときは説明を終えてから公開を終了してください。また、8Fの他の研究室の様子もうかがい、まだ人がいるときは、それに合わせて若干公開を継続して、頃合いをみて終了するようにしてください。
takano,ko-hei,明日の午後には神奈川に変える予定です。
t.kasai,ko-hei,明日の午後には神奈川に変える予定です。
shibamoto,ko-hei,明日の午後には神奈川に変える予定です。
syun070822,ko-hei,明日の午後には神奈川に変える予定です。
t.kasai,ko-hei,名古屋駅に到着しました
t.kasai,ko-hei,今新幹線に乗りました。 19時47分に名古屋に着きます。 その後ホテルに向かうので、20時半ごろにはホテルにつけると思います。
shibamoto,ko-hei,今新幹線に乗りました。 19時47分に名古屋に着きます。 その後ホテルに向かうので、20時半ごろにはホテルにつけると思います。
urano_ryoya,takano,<@U4Y3V5NKX> <@U4Y2B9X28> <@U4YM85G94> 実験データ用に、ソースコードやソースコード片を整備してもらえますか。
shigetatomoki,takano,<@U4Y3V5NKX> <@U4Y2B9X28> <@U4YM85G94> 実験データ用に、ソースコードやソースコード片を整備してもらえますか。
hisatsugu_1521038,takano,<@U4Y3V5NKX> <@U4Y2B9X28> <@U4YM85G94> 実験データ用に、ソースコードやソースコード片を整備してもらえますか。
tsukiji,takano,CNNによるソースコード分類の記事、pre-processingは参考になると思います。 <http://blog.aylien.com/source-code-classification-using-deep-learning/>
shigetatomoki,tsukiji,<@U12475CJC> <@U4YM85G94> <@U2808K7U2>  動画をgoogle diriveに共有したので、ぜひみて下さい また協力してくれた皆さんにも共有してくださると幸いです <https://drive.google.com/drive/folders/1c5HywvIcnkBpYwVsm7bGfhQE2oLtiMZh?usp=sharing>
takano,tsukiji,<@U0JACJLRJ> たった今学生課から直接言われたのですが、去年の卒業アルバムの校正がまだきていないと連絡がありました。 卒業生への先生のメッセージがないと非常に困っており、来週の頭に印刷所に出さないととても大変とおっしゃっていました(先月頭からこの問題で完全に滞っているようです) メールを先生宛てにもう一度送信するようなので、必ず確認してください
ko-hei,takano,良く頑張っていたことそのものが、受賞、あるいはそれ以上の価値があると思います
daiju.haga-1521042,takano,良く頑張っていたことそのものが、受賞、あるいはそれ以上の価値があると思います
ko-hei,takano,良く頑張っていたことそのものが、受賞、あるいはそれ以上の価値があると思います
ko-hei,takano,良く頑張っていたことそのものが、受賞、あるいはそれ以上の価値があると思います
ko-hei,takano,良く頑張っていたことそのものが、受賞、あるいはそれ以上の価値があると思います
t.kasai,ko-hei,おつかれさまです。 ただ今パーティーが終了しました。 残念ながら優秀賞および最優秀賞には選ばれませんでしたが、貴重な経験をさせて頂きました！先生をはじめ、研究室のメンバーのご協力に感謝します。ありがとうございました:blush:
shibamoto,ko-hei,おつかれさまです。 ただ今パーティーが終了しました。 残念ながら優秀賞および最優秀賞には選ばれませんでしたが、貴重な経験をさせて頂きました！先生をはじめ、研究室のメンバーのご協力に感謝します。ありがとうございました:blush:
syun070822,ko-hei,おつかれさまです。 ただ今パーティーが終了しました。 残念ながら優秀賞および最優秀賞には選ばれませんでしたが、貴重な経験をさせて頂きました！先生をはじめ、研究室のメンバーのご協力に感謝します。ありがとうございました:blush:
daiju.haga-1521042,ko-hei,おつかれさまです。 ただ今パーティーが終了しました。 残念ながら優秀賞および最優秀賞には選ばれませんでしたが、貴重な経験をさせて頂きました！先生をはじめ、研究室のメンバーのご協力に感謝します。ありがとうございました:blush:
shigetatomoki,ko-hei,おつかれさまです。 ただ今パーティーが終了しました。 残念ながら優秀賞および最優秀賞には選ばれませんでしたが、貴重な経験をさせて頂きました！先生をはじめ、研究室のメンバーのご協力に感謝します。ありがとうございました:blush:
t.kasai,ko-hei,おつかれさまです。 ただ今パーティーが終了しました。 残念ながら優秀賞および最優秀賞には選ばれませんでしたが、貴重な経験をさせて頂きました！先生をはじめ、研究室のメンバーのご協力に感謝します。ありがとうございました:blush:
takano,ko-hei,おつかれさまです。 ただ今パーティーが終了しました。 残念ながら優秀賞および最優秀賞には選ばれませんでしたが、貴重な経験をさせて頂きました！先生をはじめ、研究室のメンバーのご協力に感謝します。ありがとうございました:blush:
ko-hei,takano,ご苦労さま。パーティも楽しんでください。
ko-hei,shibamoto,<@U12475CJC> お疲れ様です！！
ko-hei,syun070822,<@U12475CJC> お疲れ様でした！
ko-hei,tsukiji,<@U12475CJC> お疲れ様！
ko-hei,t.kasai,<@U12475CJC> お疲れ様でした！！！！
urano_ryoya,ko-hei,ラーニングイノベーショングランプリの発表が終了しました！ 他の発表者さんの研究もとても興味深かったです。 でも僕の研究も負けてないかなという印象でした！
t.kasai,ko-hei,ラーニングイノベーショングランプリの発表が終了しました！ 他の発表者さんの研究もとても興味深かったです。 でも僕の研究も負けてないかなという印象でした！
shigetatomoki,ko-hei,ラーニングイノベーショングランプリの発表が終了しました！ 他の発表者さんの研究もとても興味深かったです。 でも僕の研究も負けてないかなという印象でした！
daiju.haga-1521042,ko-hei,ラーニングイノベーショングランプリの発表が終了しました！ 他の発表者さんの研究もとても興味深かったです。 でも僕の研究も負けてないかなという印象でした！
syun070822,ko-hei,ラーニングイノベーショングランプリの発表が終了しました！ 他の発表者さんの研究もとても興味深かったです。 でも僕の研究も負けてないかなという印象でした！
ko-hei,ko-hei,ラーニングイノベーショングランプリの発表が終了しました！ 他の発表者さんの研究もとても興味深かったです。 でも僕の研究も負けてないかなという印象でした！
shibamoto,ko-hei,ラーニングイノベーショングランプリの発表が終了しました！ 他の発表者さんの研究もとても興味深かったです。 でも僕の研究も負けてないかなという印象でした！
t.kasai,ko-hei,ラーニングイノベーショングランプリの発表が終了しました！ 他の発表者さんの研究もとても興味深かったです。 でも僕の研究も負けてないかなという印象でした！
ko-hei,ko-hei,ラーニングイノベーショングランプリの発表が終了しました！ 他の発表者さんの研究もとても興味深かったです。 でも僕の研究も負けてないかなという印象でした！
t.kasai,ko-hei,ラーニングイノベーショングランプリの発表が終了しました！ 他の発表者さんの研究もとても興味深かったです。 でも僕の研究も負けてないかなという印象でした！
tsukiji,ko-hei,ラーニングイノベーショングランプリの発表が終了しました！ 他の発表者さんの研究もとても興味深かったです。 でも僕の研究も負けてないかなという印象でした！
syun070822,ko-hei,ラーニングイノベーショングランプリの発表が終了しました！ 他の発表者さんの研究もとても興味深かったです。 でも僕の研究も負けてないかなという印象でした！
ko-hei,ko-hei,ラーニングイノベーショングランプリの発表が終了しました！ 他の発表者さんの研究もとても興味深かったです。 でも僕の研究も負けてないかなという印象でした！
t.kasai,ko-hei,ラーニングイノベーショングランプリの発表が終了しました！ 他の発表者さんの研究もとても興味深かったです。 でも僕の研究も負けてないかなという印象でした！
ko-hei,ko-hei,ラーニングイノベーショングランプリの発表が終了しました！ 他の発表者さんの研究もとても興味深かったです。 でも僕の研究も負けてないかなという印象でした！
ko-hei,ko-hei,ラーニングイノベーショングランプリの発表が終了しました！ 他の発表者さんの研究もとても興味深かったです。 でも僕の研究も負けてないかなという印象でした！
ko-hei,takano,検討を祈ります
ko-hei,shibamoto,<@U0JAEV08K> <@U12475CJC>    真木さんからの連絡です。 1、application formですが、今日中にPDFで送って欲しいそうです。 2、パンプキンからの請求額ですが、請求書の額で確定の模様。7/10までに支払いお願いします、だそうです。 3、補助金の支払いは7/25(ただ、もしかしたら、8/10の支払いかもしれない、らしいです。)
ko-hei,takano,10:50頃に、研究室のプロジェクターを705セミナー室(704ではない)に運んでもらえますか。もし鍵が開いていなければ、6Fの事務の方に鍵を借りてみて下さい。
ko-hei,takano,<@U0JAEV08K> <@U12475CJC> 7/28(土)特に予定がない、あるいは29(日)にずらせる予定なら、夢コンに協力してもらって大丈夫です。Juneにも予定を聞いてみると良いと思います。
tsukiji,takano,<@U0JAEV08K> <@U12475CJC> 7/28(土)特に予定がない、あるいは29(日)にずらせる予定なら、夢コンに協力してもらって大丈夫です。Juneにも予定を聞いてみると良いと思います。
ko-hei,takano,4年生のみなさん：3年生セミナーにも参加しましょう。
hisatsugu_1521038,takano,4年生のみなさん：3年生セミナーにも参加しましょう。
shibamoto,takano,4年生のみなさん：3年生セミナーにも参加しましょう。
daiju.haga-1521042,takano,4年生のみなさん：3年生セミナーにも参加しましょう。
hisatsugu_1521038,takano,4年生のみなさん：情報共有だけでなく、自分の作業内容を説明する練習にもなるので、作業報告をするようにお願いします。
ko-hei,takano,4年生のみなさん：情報共有だけでなく、自分の作業内容を説明する練習にもなるので、作業報告をするようにお願いします。
daiju.haga-1521042,takano,4年生のみなさん：情報共有だけでなく、自分の作業内容を説明する練習にもなるので、作業報告をするようにお願いします。
shigetatomoki,takano,4年生のみなさん：情報共有だけでなく、自分の作業内容を説明する練習にもなるので、作業報告をするようにお願いします。
daiju.haga-1521042,takano,<@U4XUM59NX> よく見るシステムだと思いますが、まず、HTML/CSSをWebブラウザ上でコードを書いたときに、（その隣などで）すぐWebブラウザ上で表示内容を確認できるようなWebサービス（システム）を作ることはできますか。
ko-hei,takano,<@U0JAEV08K> <@U12475CJC> <@U2808K7U2> 研修テーマについて、真木さんが今問い合わせてくれたようです。
ko-hei,takano,<@U0JAEV08K> <@U12475CJC> <@U2808K7U2> さきほどお伝えしたように、Aran先生2名、Chawan先生1名です。私から割り振りは特にないので、3人で担当の先生を決めてもらって記載してください。説明会で少々説明していたと思うのですが、2人とも画像処理関連のテーマを予定していて、Chawan先生は昨年の発表会の時に来ていただいた先生です。
shibamoto,takano,<@U0JAEV08K> <@U12475CJC> <@U2808K7U2> さきほどお伝えしたように、Aran先生2名、Chawan先生1名です。私から割り振りは特にないので、3人で担当の先生を決めてもらって記載してください。説明会で少々説明していたと思うのですが、2人とも画像処理関連のテーマを予定していて、Chawan先生は昨年の発表会の時に来ていただいた先生です。
t.kasai,urano_ryoya,これすごい <https://twitter.com/tymo_unity/status/1010113971028803585?s=19>
tsukiji,urano_ryoya,これすごい <https://twitter.com/tymo_unity/status/1010113971028803585?s=19>
shibamoto,urano_ryoya,これすごい <https://twitter.com/tymo_unity/status/1010113971028803585?s=19>
takano,urano_ryoya,これすごい <https://twitter.com/tymo_unity/status/1010113971028803585?s=19>
tsukiji,shibamoto,<@U0JAEV08K> <@U12475CJC> チュラのアプリケーションフォームですが、真木さんからword形式でメールで送って欲しいとのことでした。あと、「Thai citizen ID」は空欄かnone、「Academic supervisor Thai name」もとりあえず空欄でいいみたいです。最後の日付の部分のところも、日付と自分の名前だけ打ってとのことでした。 ご参考までに…。
ko-hei,shibamoto,<@U0JAEV08K> <@U12475CJC> チュラのアプリケーションフォームですが、真木さんからword形式でメールで送って欲しいとのことでした。あと、「Thai citizen ID」は空欄かnone、「Academic supervisor Thai name」もとりあえず空欄でいいみたいです。最後の日付の部分のところも、日付と自分の名前だけ打ってとのことでした。 ご参考までに…。
tsukiji,takano,<@U0JAEV08K> <@U12475CJC> <@U2808K7U2> チュラの寮費免除が正式に認めらたそうです！
ko-hei,takano,<@U0JAEV08K> <@U12475CJC> <@U2808K7U2> チュラの寮費免除が正式に認めらたそうです！
shibamoto,takano,<@U0JAEV08K> <@U12475CJC> <@U2808K7U2> チュラの寮費免除が正式に認めらたそうです！
ko-hei,takano,<@U0JAEV08K> <@U12475CJC> <@U2808K7U2> チュラの寮費免除が正式に認めらたそうです！
ko-hei,takano,<@U0JAEV08K> <@U12475CJC> <@U2808K7U2> チュラの寮費免除が正式に認めらたそうです！
tsukiji,takano,如実：ありのまま、顕著：はっきりと
shibamoto,takano,如実：ありのまま、顕著：はっきりと
shibamoto,takano,<@U0JAEV08K> <@U12475CJC> <@U2808K7U2> 12:40に貴賓室で歓迎ランチです。参加をよろしくお願いします。
tsukiji,takano,<@U0JAEV08K> <@U12475CJC> <@U2808K7U2> 12:40に貴賓室で歓迎ランチです。参加をよろしくお願いします。
ko-hei,takano,<@U0JAEV08K> <@U12475CJC> <@U2808K7U2> 12:40に貴賓室で歓迎ランチです。参加をよろしくお願いします。
ko-hei,takano,<@U0JAEV08K> <@U12475CJC> <@U2808K7U2> 12:40に貴賓室で歓迎ランチです。参加をよろしくお願いします。
ko-hei,takano,<@U0JAEV08K> <@U12475CJC> <@U2808K7U2> 12:40に貴賓室で歓迎ランチです。参加をよろしくお願いします。
ko-hei,tsukiji,<@U0JACJLRJ> <@U12475CJC>  704結構混雑していたので、研究室から成功を祈っています。
ko-hei,t.kasai,<@U12475CJC> <@U4YM85G94> <@U2808K7U2> 先日の院生飲み会の余剰予算が返金されて僕が受け取ったので、あとで僕のところまで受け取りに来てください
shibamoto,t.kasai,<@U12475CJC> <@U4YM85G94> <@U2808K7U2> 先日の院生飲み会の余剰予算が返金されて僕が受け取ったので、あとで僕のところまで受け取りに来てください
shibamoto,takano,--- ２０１９年度入学大学院学内推薦入試、一般Ｓ日程入試特待生スケジュール １．入試出願期間（５月２１日（月）～５月２８日（月））に特待生候補者で入試出願する人に申請書類を学生課にて配付します。 ---
ko-hei,takano,--- ２０１９年度入学大学院学内推薦入試、一般Ｓ日程入試特待生スケジュール １．入試出願期間（５月２１日（月）～５月２８日（月））に特待生候補者で入試出願する人に申請書類を学生課にて配付します。 ---
t.kasai,shibamoto,<@U12475CJC> <@U0J8PMAQJ> 私と浦野君と重田君は、先に帰ります。お疲れ様でした。
ko-hei,shibamoto,<@U12475CJC> <@U0J8PMAQJ> 私と浦野君と重田君は、先に帰ります。お疲れ様でした。
t.kasai,shibamoto,<@U12475CJC> <@U0J8PMAQJ> 私と浦野君と重田君は、先に帰ります。お疲れ様でした。
ko-hei,shibamoto,<@U12475CJC> <@U0J8PMAQJ> 私と浦野君と重田君は、先に帰ります。お疲れ様でした。
shigetatomoki,shibamoto,<@U12475CJC> <@U0J8PMAQJ> 私と浦野君と重田君は、先に帰ります。お疲れ様でした。
ko-hei,shibamoto,<@U12475CJC> <@U0J8PMAQJ> 私と浦野君と重田君は、先に帰ります。お疲れ様でした。
ko-hei,takano,<@U4YM85G94> <@U2808K7U2> 交流しておくと良いと思います。重田君もぜひ。
shigetatomoki,takano,<@U4YM85G94> <@U2808K7U2> 交流しておくと良いと思います。重田君もぜひ。
t.kasai,ko-hei,<@U2808K7U2> <@U4YM85G94> <@U0J8PMAQJ>  17日の大学院生懇親会についてなのですが、 18時から第四食堂で行われるそうです。 お金は当日に集めるようです。 よろしくお願いします:palms_up_together:
shigetatomoki,ko-hei,<@U2808K7U2> <@U4YM85G94> <@U0J8PMAQJ>  17日の大学院生懇親会についてなのですが、 18時から第四食堂で行われるそうです。 お金は当日に集めるようです。 よろしくお願いします:palms_up_together:
t.kasai,tsukiji,ありがとう！ 向こうも天気悪そうだし気をつけるよ
shibamoto,tsukiji,ありがとう！ 向こうも天気悪そうだし気をつけるよ
ko-hei,takano,<@U0JAEV08K> <@UA68UE2VC> <@U12475CJC> 「ラーニングイノベーション」と「夢のゲーム」についてi-Androidの会で発表しておくと良いと思うのですが、お願いできますか。5/23(水)または5/30(水)の5限のようです。
tsukiji,takano,<@U0JAEV08K> <@UA68UE2VC> <@U12475CJC> 「ラーニングイノベーション」と「夢のゲーム」についてi-Androidの会で発表しておくと良いと思うのですが、お願いできますか。5/23(水)または5/30(水)の5限のようです。
shibamoto,takano,「7月4日（水）夜に開催するパーティ（会費制）「ラーニングイノベーションミーティング2018」で表彰式を行います。二次審査へ選出された15チームから各チーム2名までを無料でパーティへ招待しますが、旅費は自己負担となります。」ということなので、築地君と上村君は是非参加してきてください。
ko-hei,takano,「7月4日（水）夜に開催するパーティ（会費制）「ラーニングイノベーションミーティング2018」で表彰式を行います。二次審査へ選出された15チームから各チーム2名までを無料でパーティへ招待しますが、旅費は自己負担となります。」ということなので、築地君と上村君は是非参加してきてください。
t.kasai,takano,「7月4日（水）夜に開催するパーティ（会費制）「ラーニングイノベーションミーティング2018」で表彰式を行います。二次審査へ選出された15チームから各チーム2名までを無料でパーティへ招待しますが、旅費は自己負担となります。」ということなので、築地君と上村君は是非参加してきてください。
ko-hei,takano,「7月4日（水）夜に開催するパーティ（会費制）「ラーニングイノベーションミーティング2018」で表彰式を行います。二次審査へ選出された15チームから各チーム2名までを無料でパーティへ招待しますが、旅費は自己負担となります。」ということなので、築地君と上村君は是非参加してきてください。
ko-hei,takano,「7月4日（水）夜に開催するパーティ（会費制）「ラーニングイノベーションミーティング2018」で表彰式を行います。二次審査へ選出された15チームから各チーム2名までを無料でパーティへ招待しますが、旅費は自己負担となります。」ということなので、築地君と上村君は是非参加してきてください。
ko-hei,takano,「7月4日（水）夜に開催するパーティ（会費制）「ラーニングイノベーションミーティング2018」で表彰式を行います。二次審査へ選出された15チームから各チーム2名までを無料でパーティへ招待しますが、旅費は自己負担となります。」ということなので、築地君と上村君は是非参加してきてください。
urano_ryoya,t.kasai,<https://www.microsoft.com/en-us/research/blog/learning-source-code/>
hisatsugu_1521038,t.kasai,ソースコード推薦系の研究をしようとしてる人達はこれを試用してみてください
shigetatomoki,t.kasai,ソースコード推薦系の研究をしようとしてる人達はこれを試用してみてください
shibamoto,takano,製品の空き箱や段ボールですが、必要なものを抜き取ったら捨ててもらえると助かります。
ko-hei,takano,製品の空き箱や段ボールですが、必要なものを抜き取ったら捨ててもらえると助かります。
s1421163,takano,製品の空き箱や段ボールですが、必要なものを抜き取ったら捨ててもらえると助かります。
tsukiji,ko-hei,お疲れ様です．去年タイのチュラロコン大学からうちの研究室に来ていた研究生から，アンケートのお願いが来ていました． 人数が必要だそうなので，ご協力をお願いします． 性別，学年や専攻は問わないと思うので，修士から1年生まで，誰でも解答可能ですので、よろしくお願いします． <https://docs.google.com/forms/d/e/1FAIpQLScmYWq5kC_XLX2bd5-DG3Ev9KWQPeCZd_2R7oPuqVAqD-AOfA/viewform?usp=sf_link>
t.kasai,ko-hei,お疲れ様です．去年タイのチュラロコン大学からうちの研究室に来ていた研究生から，アンケートのお願いが来ていました． 人数が必要だそうなので，ご協力をお願いします． 性別，学年や専攻は問わないと思うので，修士から1年生まで，誰でも解答可能ですので、よろしくお願いします． <https://docs.google.com/forms/d/e/1FAIpQLScmYWq5kC_XLX2bd5-DG3Ev9KWQPeCZd_2R7oPuqVAqD-AOfA/viewform?usp=sf_link>
t.kasai,s1621071,1621071　吉澤です。よろしくお願いします。ミライケータイは参加しません。
t.kasai,s1621093,1621093　府馬です。よろしくお願いします。ミライケータイには参加しないです。
ko-hei,s1621093,1621093　府馬です。よろしくお願いします。ミライケータイには参加しないです。
t.kasai,s1621049,1621049 平野です。改めましてよろしくお願いします。  尚、ミライケータイには参加しません。
ko-hei,s1621049,1621049 平野です。改めましてよろしくお願いします。  尚、ミライケータイには参加しません。
tsukiji,s1421163,次機会があれば手伝わせていただきたいと思います。申し訳ありません
ko-hei,s1421163,次機会があれば手伝わせていただきたいと思います。申し訳ありません
t.kasai,takano,<@U0J8PMAQJ> <@U12475CJC> <@U0JAEV08K> <@U4Y2B9X28> <@UA5NHRKCP> 食べ物を運ぶのを手伝ってもらってありがとうございました。大変助かりました。
ko-hei,takano,<@U0J8PMAQJ> <@U12475CJC> <@U0JAEV08K> <@U4Y2B9X28> <@UA5NHRKCP> 食べ物を運ぶのを手伝ってもらってありがとうございました。大変助かりました。
urano_ryoya,takano,<@U0J8PMAQJ> <@U12475CJC> <@U0JAEV08K> <@U4Y2B9X28> <@UA5NHRKCP> 食べ物を運ぶのを手伝ってもらってありがとうございました。大変助かりました。
tsukiji,takano,<@U0J8PMAQJ> <@U12475CJC> <@U0JAEV08K> <@U4Y2B9X28> <@UA5NHRKCP> 食べ物を運ぶのを手伝ってもらってありがとうございました。大変助かりました。
t.kasai,takano,704の鍵を開けておきました
ko-hei,takano,704の鍵を開けておきました
t.kasai,takano,17:15です。 3人くらいお願いしたいです。
tsukiji,takano,17:15です。 3人くらいお願いしたいです。
ko-hei,takano,17:15です。 3人くらいお願いしたいです。
tsukiji,takano,上村君の取材の放送日： 鷹野研究室：上村さん 4月15日２２：５４～＠ＴＢＳ　 4月22日２０：５４～＠ＢＳ－ＴＢＳ  田中研究室：坂本さん 4月22日２３：１９～＠ＴＢＳ 4月29日２０：５４～＠ＢＳ－ＴＢＳ
ko-hei,takano,上村君の取材の放送日： 鷹野研究室：上村さん 4月15日２２：５４～＠ＴＢＳ　 4月22日２０：５４～＠ＢＳ－ＴＢＳ  田中研究室：坂本さん 4月22日２３：１９～＠ＴＢＳ 4月29日２０：５４～＠ＢＳ－ＴＢＳ
t.kasai,takano,上村君の取材の放送日： 鷹野研究室：上村さん 4月15日２２：５４～＠ＴＢＳ　 4月22日２０：５４～＠ＢＳ－ＴＢＳ  田中研究室：坂本さん 4月22日２３：１９～＠ＴＢＳ 4月29日２０：５４～＠ＢＳ－ＴＢＳ
shibamoto,takano,上村君の取材の放送日： 鷹野研究室：上村さん 4月15日２２：５４～＠ＴＢＳ　 4月22日２０：５４～＠ＢＳ－ＴＢＳ  田中研究室：坂本さん 4月22日２３：１９～＠ＴＢＳ 4月29日２０：５４～＠ＢＳ－ＴＢＳ
ko-hei,takano,上村君の取材の放送日： 鷹野研究室：上村さん 4月15日２２：５４～＠ＴＢＳ　 4月22日２０：５４～＠ＢＳ－ＴＢＳ  田中研究室：坂本さん 4月22日２３：１９～＠ＴＢＳ 4月29日２０：５４～＠ＢＳ－ＴＢＳ
t.kasai,takano,上村君の取材の放送日： 鷹野研究室：上村さん 4月15日２２：５４～＠ＴＢＳ　 4月22日２０：５４～＠ＢＳ－ＴＢＳ  田中研究室：坂本さん 4月22日２３：１９～＠ＴＢＳ 4月29日２０：５４～＠ＢＳ－ＴＢＳ
ko-hei,t.kasai,中庭のキッチンカーのメニュー
hisatsugu_1521038,t.kasai,中庭のキッチンカーのメニュー
ko-hei,takano,ペットボトル（1.5リットルや2リットルの大きいサイズ）とお菓子を2000円分、買っておいてもらえないでしょうか。
shigetatomoki,ko-hei,じゃそれでお願いしますー
shibamoto,ko-hei,じゃそれでお願いしますー
shigetatomoki,ko-hei,わかりましたー．では2人とも，28日でよろしくお願いします．
shibamoto,ko-hei,わかりましたー．では2人とも，28日でよろしくお願いします．
ishikawa,takano,卒業生のみなさん、研究室の机の上にある就職活動アンケートへの回答をお願いします
ko-hei,takano,卒業生のみなさん、研究室の机の上にある就職活動アンケートへの回答をお願いします
yuta,takano,卒業生のみなさん、研究室の机の上にある就職活動アンケートへの回答をお願いします
t.kasai,takano,卒業生のみなさん、ご卒業おめでとうございます。
kaiseiaoki,takano,卒業生のみなさん、ご卒業おめでとうございます。
yuta,takano,卒業生のみなさん、ご卒業おめでとうございます。
ishikawa,takano,卒業生のみなさん、ご卒業おめでとうございます。
shohei516,takano,卒業生のみなさん、ご卒業おめでとうございます。
ko-hei,takano,卒業生のみなさん、ご卒業おめでとうございます。
shibamoto,takano,卒業生のみなさん、ご卒業おめでとうございます。
shigetatomoki,takano,卒業生のみなさん、ご卒業おめでとうございます。
t.kasai,takano,卒業生のみなさん、ご卒業おめでとうございます。
kaiseiaoki,takano,卒業生のみなさん、ご卒業おめでとうございます。
ishikawa,takano,卒業生のみなさん、ご卒業おめでとうございます。
shohei516,takano,卒業生のみなさん、ご卒業おめでとうございます。
ko-hei,takano,卒業生のみなさん、ご卒業おめでとうございます。
kaiseiaoki,takano,卒業生のみなさん、ご卒業おめでとうございます。
ishikawa,takano,卒業生のみなさん、ご卒業おめでとうございます。
shohei516,takano,卒業生のみなさん、ご卒業おめでとうございます。
ko-hei,takano,卒業生のみなさん、ご卒業おめでとうございます。
tsukiji,ko-hei,はい、貴重な経験でした．今後に繋がるように頑張りたいと思います．
tsukiji,takano,ご苦労さまでした。今回の学会はいろいろな方と交流できたりして楽しかったですね。
t.kasai,ko-hei,<@U0JACJLRJ> ただ今無事空港まで到着しました。
kaiseiaoki,ko-hei,<@U0JACJLRJ> ただ今無事空港まで到着しました。
takano,ko-hei,<@U0JACJLRJ> ただ今無事空港まで到着しました。
tsukiji,ko-hei,<@U0JACJLRJ> ただ今無事空港まで到着しました。
yuta,ko-hei,<@U0JACJLRJ> ただ今無事空港まで到着しました。
t.kasai,takano,<@U0J8PMAQJ> <@U12475CJC> KAITホームページのお知らせにも掲載されたので、ご家族にもご一読してもらうようにお伝えください。
ko-hei,takano,<@U0J8PMAQJ> <@U12475CJC> KAITホームページのお知らせにも掲載されたので、ご家族にもご一読してもらうようにお伝えください。
t.kasai,takano,上村くんの発表は無事終わりました！
shibamoto,takano,上村くんの発表は無事終わりました！
shigetatomoki,takano,上村くんの発表は無事終わりました！
matsuoka,takano,上村くんの発表は無事終わりました！
kaiseiaoki,takano,上村くんの発表は無事終わりました！
tsukiji,takano,上村くんの発表は無事終わりました！
urano_ryoya,takano,上村くんの発表は無事終わりました！
ko-hei,takano,上村くんの発表は無事終わりました！
yuta,takano,上村くんの発表は無事終わりました！
t.kasai,takano,上村くんの発表は無事終わりました！
kaiseiaoki,takano,上村くんの発表は無事終わりました！
ko-hei,takano,上村くんの発表は無事終わりました！
t.kasai,takano,<@U0JAEV08K> <@U0J8PMAQJ> お疲れさまでした!
ko-hei,takano,<@U0JAEV08K> <@U0J8PMAQJ> お疲れさまでした!
yuta,takano,<@U107TJHPF> ccoにもメールしておいたので確認しておいてください（石原さんをCCしています）。
takano,t.kasai,<@U0JACJLRJ>鷹野先生のご指導のおかげです ありがとうございました :laughing:
shigetatomoki,ko-hei,それならいいやｗｗ頑張ってなｗｗ
urano_ryoya,takano,が本当らしいです。
tsukiji,takano,が本当らしいです。
ko-hei,takano,が本当らしいです。
kaiseiaoki,takano,が本当らしいです。
shigetatomoki,shibamoto,[速報] 本日、授業終わりに、私のあまりの恐ろしさに、重田君がリアルにガチで泣いてしまいました。
ko-hei,shibamoto,[速報] 本日、授業終わりに、私のあまりの恐ろしさに、重田君がリアルにガチで泣いてしまいました。
tsukiji,shibamoto,[速報] 本日、授業終わりに、私のあまりの恐ろしさに、重田君がリアルにガチで泣いてしまいました。
ko-hei,shibamoto,[速報] 本日、授業終わりに、私のあまりの恐ろしさに、重田君がリアルにガチで泣いてしまいました。
shibamoto,tsukiji,:hot_pepper:
shigetatomoki,tsukiji,:hot_pepper:
t.kasai,shibamoto,
ko-hei,shibamoto,
t.kasai,shibamoto,
ko-hei,shibamoto,
t.kasai,shibamoto,
ko-hei,shibamoto,
t.kasai,shibamoto,
urano_ryoya,shibamoto,
kaiseiaoki,shibamoto,
matsuoka,shibamoto,
t.kasai,shibamoto,
kaiseiaoki,shibamoto,
ko-hei,tsukiji,<@U12475CJC> おめでとう！
t.kasai,takano,上村君が、先日の情報処理学会CE研究会での発表で、学生発表奨励賞を受賞しました！
kaiseiaoki,takano,上村君が、先日の情報処理学会CE研究会での発表で、学生発表奨励賞を受賞しました！
matsuoka,takano,上村君が、先日の情報処理学会CE研究会での発表で、学生発表奨励賞を受賞しました！
ko-hei,takano,上村君が、先日の情報処理学会CE研究会での発表で、学生発表奨励賞を受賞しました！
kurihara,takano,上村君が、先日の情報処理学会CE研究会での発表で、学生発表奨励賞を受賞しました！
shohei516,takano,上村君が、先日の情報処理学会CE研究会での発表で、学生発表奨励賞を受賞しました！
t.kasai,takano,上村君が、先日の情報処理学会CE研究会での発表で、学生発表奨励賞を受賞しました！
kaiseiaoki,takano,上村君が、先日の情報処理学会CE研究会での発表で、学生発表奨励賞を受賞しました！
matsuoka,takano,上村君が、先日の情報処理学会CE研究会での発表で、学生発表奨励賞を受賞しました！
ko-hei,takano,上村君が、先日の情報処理学会CE研究会での発表で、学生発表奨励賞を受賞しました！
shohei516,takano,上村君が、先日の情報処理学会CE研究会での発表で、学生発表奨励賞を受賞しました！
t.kasai,takano,上村君が、先日の情報処理学会CE研究会での発表で、学生発表奨励賞を受賞しました！
kaiseiaoki,takano,上村君が、先日の情報処理学会CE研究会での発表で、学生発表奨励賞を受賞しました！
matsuoka,takano,上村君が、先日の情報処理学会CE研究会での発表で、学生発表奨励賞を受賞しました！
urano_ryoya,takano,上村君が、先日の情報処理学会CE研究会での発表で、学生発表奨励賞を受賞しました！
ko-hei,takano,上村君が、先日の情報処理学会CE研究会での発表で、学生発表奨励賞を受賞しました！
shibamoto,takano,上村君が、先日の情報処理学会CE研究会での発表で、学生発表奨励賞を受賞しました！
satotoshiki,takano,上村君が、先日の情報処理学会CE研究会での発表で、学生発表奨励賞を受賞しました！
yuta,takano,上村君が、先日の情報処理学会CE研究会での発表で、学生発表奨励賞を受賞しました！
shohei516,takano,上村君が、先日の情報処理学会CE研究会での発表で、学生発表奨励賞を受賞しました！
ishikawa,takano,上村君が、先日の情報処理学会CE研究会での発表で、学生発表奨励賞を受賞しました！
shigetatomoki,takano,上村君が、先日の情報処理学会CE研究会での発表で、学生発表奨励賞を受賞しました！
t.kasai,takano,上村君が、先日の情報処理学会CE研究会での発表で、学生発表奨励賞を受賞しました！
kaiseiaoki,takano,上村君が、先日の情報処理学会CE研究会での発表で、学生発表奨励賞を受賞しました！
matsuoka,takano,上村君が、先日の情報処理学会CE研究会での発表で、学生発表奨励賞を受賞しました！
urano_ryoya,takano,上村君が、先日の情報処理学会CE研究会での発表で、学生発表奨励賞を受賞しました！
ko-hei,takano,上村君が、先日の情報処理学会CE研究会での発表で、学生発表奨励賞を受賞しました！
daiju.haga-1521042,takano,上村君が、先日の情報処理学会CE研究会での発表で、学生発表奨励賞を受賞しました！
satotoshiki,takano,上村君が、先日の情報処理学会CE研究会での発表で、学生発表奨励賞を受賞しました！
shohei516,takano,上村君が、先日の情報処理学会CE研究会での発表で、学生発表奨励賞を受賞しました！
t.kasai,takano,上村君が、先日の情報処理学会CE研究会での発表で、学生発表奨励賞を受賞しました！
kaiseiaoki,takano,上村君が、先日の情報処理学会CE研究会での発表で、学生発表奨励賞を受賞しました！
matsuoka,takano,上村君が、先日の情報処理学会CE研究会での発表で、学生発表奨励賞を受賞しました！
ko-hei,takano,上村君が、先日の情報処理学会CE研究会での発表で、学生発表奨励賞を受賞しました！
shohei516,takano,上村君が、先日の情報処理学会CE研究会での発表で、学生発表奨励賞を受賞しました！
kaiseiaoki,takano,上村君の発表はめっちゃ良かったです。質疑応答を含めて。
matsuoka,takano,上村君の発表はめっちゃ良かったです。質疑応答を含めて。
tsukiji,takano,上村君の発表はめっちゃ良かったです。質疑応答を含めて。
t.kasai,takano,上村君の発表はめっちゃ良かったです。質疑応答を含めて。
shibamoto,takano,上村君の発表はめっちゃ良かったです。質疑応答を含めて。
ko-hei,takano,上村君の発表はめっちゃ良かったです。質疑応答を含めて。
shigetatomoki,takano,上村君の発表はめっちゃ良かったです。質疑応答を含めて。
shohei516,takano,上村君の発表はめっちゃ良かったです。質疑応答を含めて。
ishikawa,takano,上村君の発表はめっちゃ良かったです。質疑応答を含めて。
yuta,takano,上村君の発表はめっちゃ良かったです。質疑応答を含めて。
takahashiy,takano,上村君の発表はめっちゃ良かったです。質疑応答を含めて。
ko-hei,takano,上村君の発表はめっちゃ良かったです。質疑応答を含めて。
shohei516,takano,上村君の発表はめっちゃ良かったです。質疑応答を含めて。
ishikawa,takano,上村君の発表はめっちゃ良かったです。質疑応答を含めて。
ko-hei,takano,武庫川女子大 now with ko-hei
kaiseiaoki,takano,武庫川女子大 now with ko-hei
shohei516,takano,武庫川女子大 now with ko-hei
tsukiji,takano,武庫川女子大 now with ko-hei
matsuoka,takano,武庫川女子大 now with ko-hei
shibamoto,takano,武庫川女子大 now with ko-hei
kaiseiaoki,takano,武庫川女子大 now with ko-hei
shohei516,takano,武庫川女子大 now with ko-hei
ishikawa,takano,武庫川女子大 now with ko-hei
t.kasai,takano,武庫川女子大 now with ko-hei
ko-hei,takano,武庫川女子大 now with ko-hei
tsukiji,takahashiy,既製品ですが、チョコを用意しましたのでよろしければどうぞ 共同机の上においておきます:man-bowing:
t.kasai,takahashiy,既製品ですが、チョコを用意しましたのでよろしければどうぞ 共同机の上においておきます:man-bowing:
kaiseiaoki,takahashiy,既製品ですが、チョコを用意しましたのでよろしければどうぞ 共同机の上においておきます:man-bowing:
shohei516,takahashiy,既製品ですが、チョコを用意しましたのでよろしければどうぞ 共同机の上においておきます:man-bowing:
yuta,takahashiy,既製品ですが、チョコを用意しましたのでよろしければどうぞ 共同机の上においておきます:man-bowing:
t.kasai,takahashiy,既製品ですが、チョコを用意しましたのでよろしければどうぞ 共同机の上においておきます:man-bowing:
kaiseiaoki,takahashiy,既製品ですが、チョコを用意しましたのでよろしければどうぞ 共同机の上においておきます:man-bowing:
shohei516,takahashiy,既製品ですが、チョコを用意しましたのでよろしければどうぞ 共同机の上においておきます:man-bowing:
kaiseiaoki,takano,研究室懇親会費用が、あと12000円ほどあります。来週19日、20日あたり、ピザ&amp;ビール・ワインでもしませんか。
t.kasai,takano,研究室懇親会費用が、あと12000円ほどあります。来週19日、20日あたり、ピザ&amp;ビール・ワインでもしませんか。
takahashiy,takano,研究室懇親会費用が、あと12000円ほどあります。来週19日、20日あたり、ピザ&amp;ビール・ワインでもしませんか。
matsuoka,takano,研究室懇親会費用が、あと12000円ほどあります。来週19日、20日あたり、ピザ&amp;ビール・ワインでもしませんか。
ko-hei,takano,研究室懇親会費用が、あと12000円ほどあります。来週19日、20日あたり、ピザ&amp;ビール・ワインでもしませんか。
t.kasai,takano,研究室懇親会費用が、あと12000円ほどあります。来週19日、20日あたり、ピザ&amp;ビール・ワインでもしませんか。
ko-hei,takano,研究室懇親会費用が、あと12000円ほどあります。来週19日、20日あたり、ピザ&amp;ビール・ワインでもしませんか。
tsukiji,takano,クリスマスケーキのレシートがありました！:grinning:
kaiseiaoki,takano,クリスマスケーキのレシートがありました！:grinning:
matsuoka,takano,クリスマスケーキのレシートがありました！:grinning:
ishikawa,takano,クリスマスケーキのレシートがありました！:grinning:
ko-hei,takano,クリスマスケーキのレシートがありました！:grinning:
t.kasai,kurihara,明日雪がやばそうです <http://www.jma.go.jp/jp/warn/1410000.html>
kaiseiaoki,kurihara,明日雪がやばそうです <http://www.jma.go.jp/jp/warn/1410000.html>
yuta,kurihara,明日雪がやばそうです <http://www.jma.go.jp/jp/warn/1410000.html>
ko-hei,kurihara,明日雪がやばそうです <http://www.jma.go.jp/jp/warn/1410000.html>
tsukiji,takano,"<@U0JAEV08K> <@U12475CJC> 良さそうな日 2/5, 14, 15, 3/23,"
shigetatomoki,takano,おめでとう。
shibamoto,takano,おめでとう。
kaiseiaoki,shibamoto,人工知能の実験の対戦で、鷹野研(の一部のメンバー)が勝利しましたー！
kurihara,shibamoto,人工知能の実験の対戦で、鷹野研(の一部のメンバー)が勝利しましたー！
yuta,shibamoto,人工知能の実験の対戦で、鷹野研(の一部のメンバー)が勝利しましたー！
shigetatomoki,shibamoto,人工知能の実験の対戦で、鷹野研(の一部のメンバー)が勝利しましたー！
ishikawa,shibamoto,人工知能の実験の対戦で、鷹野研(の一部のメンバー)が勝利しましたー！
tsukiji,shibamoto,人工知能の実験の対戦で、鷹野研(の一部のメンバー)が勝利しましたー！
urano_ryoya,shibamoto,人工知能の実験の対戦で、鷹野研(の一部のメンバー)が勝利しましたー！
t.kasai,shibamoto,人工知能の実験の対戦で、鷹野研(の一部のメンバー)が勝利しましたー！
takano,shibamoto,人工知能の実験の対戦で、鷹野研(の一部のメンバー)が勝利しましたー！
ko-hei,shibamoto,人工知能の実験の対戦で、鷹野研(の一部のメンバー)が勝利しましたー！
matsuoka,takano,すれ違ったみたいだよ。お疲れさま。
ko-hei,takano,すれ違ったみたいだよ。お疲れさま。
tsukiji,t.kasai,この記事の一番下のコマンド実行して再起動しました
shibamoto,t.kasai,この記事の一番下のコマンド実行して再起動しました
ishikawa,takano,<@U107MMD8Q> <@U12475CJC> <@U106UP90U> 受付ごくろうさまでした。とても助かりました。
kaiseiaoki,ishikawa,公園での写真です
t.kasai,ishikawa,公園での写真です
ko-hei,ishikawa,公園での写真です
yuta,ishikawa,公園での写真です
t.kasai,ishikawa,公園での写真です
matsuoka,ishikawa,公園での写真です
ko-hei,ishikawa,公園での写真です
ishikawa,takano,研究会が終わったら、速やかに片付けをするので協力ください。
takano,kaiseiaoki,<@U0JACJLRJ> 個人的な都合で申し訳ないのですが、明日の遠隔での発表練習は　夕方からお願いしてもよろしいでしょうか？
kaiseiaoki,tsukiji,あけましておめでとうございます 今年もよろしくです
t.kasai,tsukiji,あけましておめでとうございます 今年もよろしくです
shibamoto,tsukiji,あけましておめでとうございます 今年もよろしくです
ko-hei,tsukiji,あけましておめでとうございます 今年もよろしくです
ishikawa,tsukiji,あけましておめでとうございます 今年もよろしくです
yuta,tsukiji,あけましておめでとうございます 今年もよろしくです
shigetatomoki,tsukiji,あけましておめでとうございます 今年もよろしくです
t.kasai,tsukiji,あけましておめでとうございます 今年もよろしくです
ko-hei,tsukiji,あけましておめでとうございます 今年もよろしくです
yuta,tsukiji,あけましておめでとうございます 今年もよろしくです
kaiseiaoki,t.kasai,あけましておめでとうございます :sunrise_over_mountains:
shibamoto,t.kasai,あけましておめでとうございます :sunrise_over_mountains:
ko-hei,t.kasai,あけましておめでとうございます :sunrise_over_mountains:
ishikawa,t.kasai,あけましておめでとうございます :sunrise_over_mountains:
shigetatomoki,t.kasai,あけましておめでとうございます :sunrise_over_mountains:
t.kasai,kaiseiaoki,あけましておめでとうございます
ko-hei,kaiseiaoki,あけましておめでとうございます
t.kasai,kaiseiaoki,あけましておめでとうございます
shibamoto,kaiseiaoki,あけましておめでとうございます
ko-hei,kaiseiaoki,あけましておめでとうございます
ishikawa,kaiseiaoki,あけましておめでとうございます
shigetatomoki,kaiseiaoki,あけましておめでとうございます
t.kasai,ko-hei,明けましておめでとうございます！！ 2018年もよろしくお願いします！！！
ko-hei,ko-hei,明けましておめでとうございます！！ 2018年もよろしくお願いします！！！
kaiseiaoki,ko-hei,明けましておめでとうございます！！ 2018年もよろしくお願いします！！！
t.kasai,ko-hei,明けましておめでとうございます！！ 2018年もよろしくお願いします！！！
shibamoto,ko-hei,明けましておめでとうございます！！ 2018年もよろしくお願いします！！！
ko-hei,ko-hei,明けましておめでとうございます！！ 2018年もよろしくお願いします！！！
ishikawa,ko-hei,明けましておめでとうございます！！ 2018年もよろしくお願いします！！！
shigetatomoki,ko-hei,明けましておめでとうございます！！ 2018年もよろしくお願いします！！！
kaiseiaoki,matsuoka,
t.kasai,matsuoka,
t.kasai,matsuoka,
tsukiji,matsuoka,
ishikawa,ko-hei,<!channel> @channel 突然ですが、25日(月)、27日(水)に、クリスマス兼忘年会兼チュラからの留学生の歓迎会という名目で、飲み会をやります！飲んでも飲まなくてもよし、予算もあまりかからない程度で、ゆるーくやりたいと思ってます。自由参加ですので、暇な人は気軽に参加してください！
matsuoka,ko-hei,<!channel> @channel 突然ですが、25日(月)、27日(水)に、クリスマス兼忘年会兼チュラからの留学生の歓迎会という名目で、飲み会をやります！飲んでも飲まなくてもよし、予算もあまりかからない程度で、ゆるーくやりたいと思ってます。自由参加ですので、暇な人は気軽に参加してください！
tsukiji,ko-hei,<!channel> @channel 突然ですが、25日(月)、27日(水)に、クリスマス兼忘年会兼チュラからの留学生の歓迎会という名目で、飲み会をやります！飲んでも飲まなくてもよし、予算もあまりかからない程度で、ゆるーくやりたいと思ってます。自由参加ですので、暇な人は気軽に参加してください！
ishikawa,takano,年内中に20ページくらい書いておきましょう。
ko-hei,takano,年内中に20ページくらい書いておきましょう。
kaiseiaoki,takano,年内中に20ページくらい書いておきましょう。
yuta,takano,年内中に20ページくらい書いておきましょう。
kurihara,takano,年内中に20ページくらい書いておきましょう。
shohei516,takano,年内中に20ページくらい書いておきましょう。
kurihara,takano,毎日、何か書き足すくらいのペースにしましょう。
ishikawa,takano,毎日、何か書き足すくらいのペースにしましょう。
kaiseiaoki,takano,毎日、何か書き足すくらいのペースにしましょう。
matsuoka,takano,毎日、何か書き足すくらいのペースにしましょう。
umetani,takano,毎日、何か書き足すくらいのペースにしましょう。
ko-hei,takano,毎日、何か書き足すくらいのペースにしましょう。
takahashiy,takano,毎日、何か書き足すくらいのペースにしましょう。
yuta,takano,毎日、何か書き足すくらいのペースにしましょう。
ishikawa,takano,<@U107MMD8Q> <@U106UP90U> <@U106Y1J7N> 1/6(土)なのでよろしくお願いします。（曜日を間違えていました）
kurihara,takano,<@U107MMD8Q> <@U106UP90U> <@U106Y1J7N> 1/6(土)なのでよろしくお願いします。（曜日を間違えていました）
matsuoka,takano,<@U107MMD8Q> <@U106UP90U> <@U106Y1J7N> 1/6(土)なのでよろしくお願いします。（曜日を間違えていました）
ishikawa,takano,石川君、栗原君、ありがとう。
kurihara,takano,石川君、栗原君、ありがとう。
ishikawa,takano,年明け1/6(金)に学会の受付を手伝ってくれる人募集します。
kaiseiaoki,matsuoka,
urano_ryoya,matsuoka,
ko-hei,matsuoka,
hisatsugu_1521038,matsuoka,
shibamoto,matsuoka,
kaiseiaoki,matsuoka,
ko-hei,matsuoka,
kurihara,matsuoka,
t.kasai,matsuoka,
ko-hei,matsuoka,
tsukiji,matsuoka,
ko-hei,matsuoka,
yuta,matsuoka,
shibamoto,matsuoka,<@U2808K7U2> ありがとううううう:joy::joy:
t.kasai,matsuoka,ありがとうございました:sob::sob::sob:
ko-hei,matsuoka,ありがとうございました:sob::sob::sob:
umetani,matsuoka,ありがとうございました:sob::sob::sob:
daiju.haga-1521042,matsuoka,ありがとうございました:sob::sob::sob:
t.kasai,matsuoka,ありがとうございました:sob::sob::sob:
t.kasai,tsukiji,<!channel> 松岡さんの発表無事に終わりました
kaiseiaoki,tsukiji,<!channel> 松岡さんの発表無事に終わりました
ko-hei,tsukiji,<!channel> 松岡さんの発表無事に終わりました
kurihara,tsukiji,<!channel> 松岡さんの発表無事に終わりました
yuta,tsukiji,<!channel> 松岡さんの発表無事に終わりました
t.kasai,tsukiji,<!channel> 松岡さんの発表無事に終わりました
kurihara,tsukiji,<!channel> 松岡さんの発表無事に終わりました
matsuoka,ko-hei,<@U107MMD8Q> 発表頑張って:+1:応援してます:mega:
ishikawa,ko-hei,<@U107MMD8Q> 発表頑張って:+1:応援してます:mega:
kaiseiaoki,ko-hei,<@U107MMD8Q> 発表頑張って:+1:応援してます:mega:
t.kasai,ko-hei,<@U107MMD8Q> 発表頑張って:+1:応援してます:mega:
kaiseiaoki,t.kasai,まあ使う機会があったら使ってみてください :stuck_out_tongue_closed_eyes:
shibamoto,takano,<@U2808K7U2> 実験の章で、実験環境、実験方法を説明できることを意識して、データ収集を行ってみてください。
shigetatomoki,syun070822,<@U4YM85G94> GPUの利用についてだけど、Chainerに限らずディープラーニングのライブラリは基本的にintelの内臓GPUは使えないと思う。 調べてみると、Chainer v4.0 + ideepを利用することでintel cpuで2分かかる学習をそのままGPUを使わずにintel cpuのままで20秒まで短縮できるらしいから試してみるといいかも。（詳しくは調べてみて） <https://qiita.com/ikeyasu/items/62781ac2eeff5be4e5f4>
shibamoto,takano,<@U2808K7U2> Aran先生やChawan先生から習ったことから、写真撮影行動の説明に深みをもたせることができると思います。そのあたりのスライドも補強しておいてください。
shibamoto,takano,<@U2808K7U2> ユーザの持つ（興味を示す）写真集合から、それにあった観光地（写真）が推薦されることを意識して、写真を集めてみてください。
shibamoto,tsukiji,しまった 日本人の実験結果入れ忘れてるから入れておいてください
shibamoto,tsukiji,<@U2808K7U2> 現状のスライドを送ります
shibamoto,tsukiji,スライド受け取りました 冗長な部分があるので調整します
shibamoto,tsukiji,ありがとう
syun070822,takano,"<@UA0BWS0F8> 表4, 表6，表8のツイート例にもツイートIDを振ってください。 5.2節で述べている「コンテンツ」とは具体的にどのようなコンテンツであるかを述べる。 5.2.2項で述べている「ベースライン」の説明の理解が困難なので、文章を平易にできませんか。 表18: グラフにする等、「提案手法」と「ベースライン」の結果が比較しやすいようにしてください。"
takano,t.kasai,<@U0JACJLRJ> 投稿しました。また、受領確認メールを転送しました。提出原稿ファイルを添付しています。
t.kasai,tsukiji,取り敢えず投稿しました
takano,tsukiji,取り敢えず投稿しました
t.kasai,takano,<@U0J8PMAQJ> 表2を参考にしてもらえますか。（やれやれ）
t.kasai,takano,<@U0J8PMAQJ> citi受講をお願い。
t.kasai,takano,<@U0J8PMAQJ> citi受講をお願い。
takano,hisatsugu_1521038,2018/08/15 作業報告 ・pythonのソースコード収集     - 画像処理関係　10～20件くらい  githubに今まで集めたものを.mdで共有しました。遅くなり申し訳ありません。
t.kasai,takano,<@U0J8PMAQJ> 提案方式で、「実環境ファイルシステム上に実環境に近い状態の仮想的なファイルシステム」と述べており、さらに、「ほとんど実環境と同じ環境で，実環境に影響を与えること無く障害解決」と述べています。 提案方式の有効範囲を明らかにする意味で、「実環境とは異なる点」、「解決できる障害の種類」が明らかになるような具体的な説明を追記してもらえますか。例も示しながらが良いと思います。
daiju.haga-1521042,takano,他のみなさんもレポートで報告をお願いします。 - 他人を意識して作業をして欲しい（疲れると思いますが、集中している証拠） - 作業が独りよがりになってしまうのを少なくしたい - コミュニケーションのリズムを良くしたい
satotoshiki,takano,<@U4Y2BNA2Y> 「現在の実装状況」のスライドを作る。提案システムのスクリーンショットをなどを示しておく。
satotoshiki,takano,スライド6: スライド7の図をこちらにコピーする。 最初の箇条書き文：英単語の学習において，その発音動作のアニメーションを提示することにより，発音時のしい口の動かし方も学習できるようにする． 2番目：音声機認識機能により，実際の発音を評価する仕組みを組み込む．
takano,syun070822,2018/07/21 作業報告 ・KAITシンポジウムの英語アブストラクトの作成 KAITシンポジウムの英語アブストラクトをひとまず書きました。 ・デモプログラムをjupyter notebookへ移植・動作 プロンプト上での実行結果が他人に見せるには大変見づらいと感じたため，jupyter notebookに移植し、実行できるようにしました。
shigetatomoki,takano,スライド7と9：本研究が取り組む領域 -&gt; 取る 現時点では両方を対象としておいてもらえますか。
shigetatomoki,takano,<@U4YM85G94> 機能ラベル付きのソースコード分類学習もしておきましょう。
hisatsugu_1521038,takano,<@U4YM85G94> <@U4Y3V5NKX> 分類学習の図は、<@U4Y2B9X28> くんのがわかりやすいので参考にすると良いと思います。（見た目が同じになるのは困るので、真似しすぎないように。）
shigetatomoki,takano,<@U4YM85G94> <@U4Y3V5NKX> 分類学習の図は、<@U4Y2B9X28> くんのがわかりやすいので参考にすると良いと思います。（見た目が同じになるのは困るので、真似しすぎないように。）
shigetatomoki,takano,<@U4YM85G94> <@U4Y3V5NKX> 分類学習の図は、<@U4Y2B9X28> くんのがわかりやすいので参考にすると良いと思います。（見た目が同じになるのは困るので、真似しすぎないように。）
urano_ryoya,takano,<@U4Y2B9X28> スライド6: タイトルを「補助情報の提示例」 スライド8: タイトルを「本研究のアプローチ（学習方式）」（アプローチのスライドは課題の後がベターですが、提案方式を説明した後の方が伝わるので、スライド位置はここで良いです。） さきほど、次のようにコメントしていたので修正を検討してもらえますか。 ``` 同様に、「予めプログラミング課題と解答を用意し、間違ったソースコードを分類しておく。 これに対応する補助情報を作り，分類されたソースコードと対応付けて学習する」など ```
takano,urano_ryoya,*2018/7/21 作業報告* • OC会場準備   * 机の再配置・床の掃除をしました • 中間発表スライドの修正   * Windowsで表示できるようにpptxで作り直しました。以後pptxで作成します。   * <https://github.com/kait-takanolab/1521039-urano-thesis/blob/master/1521039-urano-slide_0725.pptx>   * 指示された箇所の文章を修正しました
takano,takano,やり方間違えてない？
ko-hei,takano,<!channel>  - 日々の作業をreportチャンネルに書く - ばくぜんと「～しました」だとよくわからないので、<@U0JAEV08K> くんの書き方など参考にしてください。 - 誰かのコメントに基づいてスライドを修正する場合は、そのコメントと修正箇所を対応付けて、修正箇所を説明してください。これは実際役に立つし、みなさんの説明スキルアップのための良い練習になります。
hisatsugu_1521038,takano,<!channel>  - 日々の作業をreportチャンネルに書く - ばくぜんと「～しました」だとよくわからないので、<@U0JAEV08K> くんの書き方など参考にしてください。 - 誰かのコメントに基づいてスライドを修正する場合は、そのコメントと修正箇所を対応付けて、修正箇所を説明してください。これは実際役に立つし、みなさんの説明スキルアップのための良い練習になります。
urano_ryoya,takano,<!channel>  - 日々の作業をreportチャンネルに書く - ばくぜんと「～しました」だとよくわからないので、<@U0JAEV08K> くんの書き方など参考にしてください。 - 誰かのコメントに基づいてスライドを修正する場合は、そのコメントと修正箇所を対応付けて、修正箇所を説明してください。これは実際役に立つし、みなさんの説明スキルアップのための良い練習になります。
daiju.haga-1521042,takano,<!channel>  - 日々の作業をreportチャンネルに書く - ばくぜんと「～しました」だとよくわからないので、<@U0JAEV08K> くんの書き方など参考にしてください。 - 誰かのコメントに基づいてスライドを修正する場合は、そのコメントと修正箇所を対応付けて、修正箇所を説明してください。これは実際役に立つし、みなさんの説明スキルアップのための良い練習になります。
ko-hei,takano,<!channel>  - 日々の作業をreportチャンネルに書く - ばくぜんと「～しました」だとよくわからないので、<@U0JAEV08K> くんの書き方など参考にしてください。 - 誰かのコメントに基づいてスライドを修正する場合は、そのコメントと修正箇所を対応付けて、修正箇所を説明してください。これは実際役に立つし、みなさんの説明スキルアップのための良い練習になります。
shibamoto,takano,<!channel>  - 日々の作業をreportチャンネルに書く - ばくぜんと「～しました」だとよくわからないので、<@U0JAEV08K> くんの書き方など参考にしてください。 - 誰かのコメントに基づいてスライドを修正する場合は、そのコメントと修正箇所を対応付けて、修正箇所を説明してください。これは実際役に立つし、みなさんの説明スキルアップのための良い練習になります。
hisatsugu_1521038,takano,<@U4Y3V5NKX> 他の人にもチェックしてもらいやすいように、私あてではなく、全体のチャンネルで周知するようにしませんか。
shibamoto,takano,<@U2808K7U2> その他、他の人の意見も聞いてみて下さい。
daiju.haga-1521042,takano,<@U4XUM59NX> 文章も減り、わかりやすくなったと思います。オープンキャンパス、中間発表ともに、とりあえずは現状で良いと思います。中間発表まではまだ時間があるので、もし気づいた点があれば指摘します。他の人の意見も確認してみて下さい。
urano_ryoya,t.kasai,<@U4Y2B9X28> は LibreOffice じゃなくてパワポ使うように研究室の windows pc を借りましょう（口頭でも言った） 先生に聞けば貸してもらえると思います
daiju.haga-1521042,takano,<@U4XUM59NX> わかりやすい記事だと思うので、帰るときにもいいましたが、プログラミングを開始しましょう。ARプログラミングのプレビューにも可能であるかを検討してください。
daiju.haga-1521042,takano,4年生：ゼミで指摘されている内容について、その日中、あるいは次の日くらいまでには取り掛かり、このreportチャンネルに何らかの報告をしてはどうでしょうか。
shibamoto,takano,4年生：ゼミで指摘されている内容について、その日中、あるいは次の日くらいまでには取り掛かり、このreportチャンネルに何らかの報告をしてはどうでしょうか。
shigetatomoki,takano,4年生：ゼミで指摘されている内容について、その日中、あるいは次の日くらいまでには取り掛かり、このreportチャンネルに何らかの報告をしてはどうでしょうか。
t.kasai,takano,<@U0J8PMAQJ> なんか報告の表現が微妙に変わっている。。
ko-hei,takano,<@U0J8PMAQJ> なんか報告の表現が微妙に変わっている。。
daiju.haga-1521042,takano,<@U4XUM59NX> 参考サイトについて情報共有してもらっていいですか。
ishikawa,takano,<@U107G430F> GitHubへのアップロードのやり方がわからなかったら、<@U106UP90U> くんや <@U106Y1J7N> くんなどに聞いてみてください。
t.kasai,ko-hei,提出は一階の受付です、よろしくお願いします
ko-hei,ko-hei,提出は一階の受付です、よろしくお願いします
syun070822,ko-hei,提出は一階の受付です、よろしくお願いします
shibamoto,ko-hei,提出は一階の受付です、よろしくお願いします
t.kasai,ko-hei,<@U0J8PMAQJ> <@UA0BWS0F8> おはよーございます。 運営の方から、なるべく朝イチでFlash talkの資料を提出してほしいそうなので、そのようにお願いします
ko-hei,ko-hei,<@U0J8PMAQJ> <@UA0BWS0F8> おはよーございます。 運営の方から、なるべく朝イチでFlash talkの資料を提出してほしいそうなので、そのようにお願いします
tsukiji,syun070822,一応ポスターのテンプレ？っぽいもの
tsukiji,t.kasai,:man-gesturing-ok:
syun070822,takano,
t.kasai,syun070822,KAITシンポジウムの発表の概要？が届いていたので一応共有しておきます。
t.kasai,syun070822,KAITシンポジウムの発表の概要？が届いていたので一応共有しておきます。
t.kasai,tsukiji,ありがとう
ko-hei,t.kasai,:point_up: PRがマージされたので、本番環境にデプロイしました
tsukiji,t.kasai,<@U0JACJLRJ> <@U0JAEV08K> <@U12475CJC>  写真閲覧画面での縮小サイズ版写真データ配信を実装しました <https://github.com/kait-takanolab/photo_share/pull/8> 実装効果としては総データ転送量は - before: 516.61MB - after: 134.33MB(-74%) というようになりました
tsukiji,takano,imagemagikインストールしました ``` sudo apt-get -y install imagemagick ```
t.kasai,takano,imagemagikインストールしました ``` sudo apt-get -y install imagemagick ```
t.kasai,takano,KAITシンポジウムのアブストラクトですが、一通り書いていたら、EDASから提出しておいてもらえますか。あとから修正したものを差し替えたいと思います。
ko-hei,takano,KAITシンポジウムのアブストラクトですが、一通り書いていたら、EDASから提出しておいてもらえますか。あとから修正したものを差し替えたいと思います。
t.kasai,ko-hei,<https://dolphin.mkm.ic.kanagawa-it.ac.jp/~kamimura/e-listening/public/userlogin/login.php>
tsukiji,ko-hei,<https://dolphin.mkm.ic.kanagawa-it.ac.jp/~kamimura/e-listening/public/userlogin/login.php>
t.kasai,takano,condaで仮想環境を作ってインストールしたいので、あとで注意点など教えてください <http://deeplearning.net/software/theano/install_ubuntu.html>
ko-hei,tsukiji,KAITシンポジウムのテンプレ共有するよ
t.kasai,tsukiji,KAITシンポジウムのテンプレ共有するよ
syun070822,tsukiji,KAITシンポジウムのテンプレ共有するよ
ko-hei,tsukiji,
t.kasai,tsukiji,
syun070822,tsukiji,
t.kasai,ko-hei,"Course of Information and Computer Sciences, Graduate School of Engineering, Kanagawa Institute of Technology"
t.kasai,tsukiji,<@U0JACJLRJ> <@U0J8PMAQJ>  登録完了しました ありがとうございます:blush:
takano,tsukiji,<@U0JACJLRJ> <@U0J8PMAQJ>  登録完了しました ありがとうございます:blush:
tsukiji,t.kasai,特に明記されてなかったから23:59JSTと信じてる
takano,t.kasai,<@U0JACJLRJ> 発表申込完了しました
takano,ko-hei,わかりました．ありがとうございます． 今，タイトルの修正を行いました．
takano,t.kasai,<@U0JACJLRJ> EDAS のタイトル登録を行いました <https://edas.info/showPaper.php?m=1570474071> タイトルは :point_up: 先生の修正後の `An Automatic Testing System for Server Failures using Virtual Execution Environment` です
t.kasai,takano,【重要】あと、今後の国際会議などで使用するような「良いタイトル」も、避けるようにしましょう。【重要】
t.kasai,takano,【重要】あと、今後の国際会議などで使用するような「良いタイトル」も、避けるようにしましょう。【重要】
t.kasai,takano,【重要】あと、今後の国際会議などで使用するような「良いタイトル」も、避けるようにしましょう。【重要】
syun070822,takano,<@UA0BWS0F8> 少し修正してみたけど、どうでしょうか。 Emotion Extraction from user’s Utterances in Microblog for Content Recommendation
t.kasai,takano,タイトルは投稿したら、slackにも投げてください。事前にチェックできないかもしれないのと、投稿後にも修正できるので、投稿しておいてください。7/8締め切りまでに投稿を済ませてください。
syun070822,takano,タイトルは投稿したら、slackにも投げてください。事前にチェックできないかもしれないのと、投稿後にも修正できるので、投稿しておいてください。7/8締め切りまでに投稿を済ませてください。
ko-hei,takano,"教育システム情報学会 研究報告, Vol.32, No.5"
t.kasai,tsukiji,<@U0J8PMAQJ> 笠井君どこ行ったの？
t.kasai,ko-hei,2次審査については、笠井さんをはじめ，研究室のメンバー・先生の助力がなければ，審査は通らなかったと思います． 本当にありがとうございます． 最終審査プレゼンの準備も是非ご助力よろしくお願いします．
ko-hei,t.kasai,
syun070822,t.kasai,
ko-hei,tsukiji,Addの方はローカルにあるレポジトリをGithubに加えるような気がします
t.kasai,takano,お疲れさまでした。他の作品と比較して、ビデオとしての出来栄えは、上位だと思います。
ko-hei,takano,お疲れさまでした。他の作品と比較して、ビデオとしての出来栄えは、上位だと思います。
t.kasai,takano,お疲れさまでした。他の作品と比較して、ビデオとしての出来栄えは、上位だと思います。
ko-hei,takano,お疲れさまでした。他の作品と比較して、ビデオとしての出来栄えは、上位だと思います。
ko-hei,takano,お疲れさまでした。他の作品と比較して、ビデオとしての出来栄えは、上位だと思います。
shibamoto,takano,お疲れさまでした。他の作品と比較して、ビデオとしての出来栄えは、上位だと思います。
shibamoto,tsukiji,直した たぶん....
t.kasai,tsukiji,直した たぶん....
t.kasai,tsukiji,直した たぶん....
shibamoto,t.kasai,全くの編集初心者からここまでできるのはさすがと言わざるを得ない すばら :clap:
tsukiji,takano,しめの一言： このようなインタラクティブ性の高い授業によりプログラミングが好きな学生を増やし，やがては日本をプログラミング学習先進国としていきたいです．
ko-hei,takano,しめの一言： このようなインタラクティブ性の高い授業によりプログラミングが好きな学生を増やし，やがては日本をプログラミング学習先進国としていきたいです．
t.kasai,shibamoto,必要なら，使ってください．
ko-hei,takano,<@U12475CJC> 午前中の投稿をめざしましょう。
syun070822,takano,<@UA0BWS0F8> 昨日の打ち合わせをしたときの図を、机の上に置いておきました。この図をもとに、提案方式として、(1)コンテンツが与えるであろう感情の算出方法と、(2)ユーザがあるコンテンツに対して抱く感情の算出方法を、文章化、図示化してもらえますか。
syun070822,takano,<@UA0BWS0F8> 昨日の打ち合わせをしたときの図を、机の上に置いておきました。この図をもとに、提案方式として、(1)コンテンツが与えるであろう感情の算出方法と、(2)ユーザがあるコンテンツに対して抱く感情の算出方法を、文章化、図示化してもらえますか。
tsukiji,t.kasai,素敵ボイス
shibamoto,t.kasai,素敵ボイス
shibamoto,t.kasai,素敵ボイス
t.kasai,tsukiji,<@U0J8PMAQJ>  ありがとう
ko-hei,takano,コメント1への回答など、相手の発言の意図を汲んでいて、妥当だと思います。
takano,ko-hei,このような形で盛り込めていると考えています．
ko-hei,takano,<@U0JAEV08K> MAW2018での発表お疲れさまでした。良い発表だっと思います。どのような発表をしたかを、院ゼミでも情報共有するようにお願いします。
t.kasai,takano,<@U0JAEV08K> MAW2018での発表お疲れさまでした。良い発表だっと思います。どのような発表をしたかを、院ゼミでも情報共有するようにお願いします。
syun070822,takano,<@U0JAEV08K> MAW2018での発表お疲れさまでした。良い発表だっと思います。どのような発表をしたかを、院ゼミでも情報共有するようにお願いします。
tsukiji,takano,<@U0JAEV08K> MAW2018での発表お疲れさまでした。良い発表だっと思います。どのような発表をしたかを、院ゼミでも情報共有するようにお願いします。
t.kasai,tsukiji,院ゼミメモ FIT2018とかを目標に4ページの論文執筆を始める(M2) 院ゼミの時間を調整する事(候補は金曜1限など) 院ゼミの時に論部自体を見せるかんじで 今日から書く！！do it！！！！
ko-hei,tsukiji,院ゼミメモ FIT2018とかを目標に4ページの論文執筆を始める(M2) 院ゼミの時間を調整する事(候補は金曜1限など) 院ゼミの時に論部自体を見せるかんじで 今日から書く！！do it！！！！
syun070822,tsukiji,院ゼミメモ FIT2018とかを目標に4ページの論文執筆を始める(M2) 院ゼミの時間を調整する事(候補は金曜1限など) 院ゼミの時に論部自体を見せるかんじで 今日から書く！！do it！！！！
t.kasai,tsukiji,今年のTAのテンプレ来てたよ ４・５月の提出期限は6/5だって
t.kasai,tsukiji,今年のTAのテンプレ来てたよ ４・５月の提出期限は6/5だって
t.kasai,tsukiji,今年のTAのテンプレ来てたよ ４・５月の提出期限は6/5だって
t.kasai,takano,:open_mouth:
t.kasai,tsukiji,<@U0J8PMAQJ>  さっき見つけた論文からたくさん見つけたよ <https://ieeexplore.ieee.org/document/7367332/> <https://ieeexplore.ieee.org/document/5713159/> <https://ieeexplore.ieee.org/document/4365693/> <https://www.sciencedirect.com/science/article/pii/S0164121212001732?via%3Dihub>
t.kasai,tsukiji,<https://ieeexplore.ieee.org/document/7987263/>
t.kasai,tsukiji,<http://apps.webofknowledge.com/full_record.do?product=WOS&amp;search_mode=GeneralSearch&amp;qid=1&amp;SID=C1JeeaPUeOSd2L6jYOj&amp;page=1&amp;doc=4>
t.kasai,tsukiji,<http://apps.webofknowledge.com/full_record.do?product=WOS&amp;search_mode=GeneralSearch&amp;qid=1&amp;SID=C1JeeaPUeOSd2L6jYOj&amp;page=1&amp;doc=1>
t.kasai,tsukiji,<https://ci.nii.ac.jp/naid/40020543437>
ko-hei,takano,今期、既に何人かにお願いしていることなので、情報共有が望まれます。
t.kasai,ko-hei,
tsukiji,takano,5月15日		Auschwitz 5月16日	AINA	Welcome 5月17日	AINA	Banquet 5月18日	AINA
takano,ko-hei,すいません、用事があって、その時間はテレビを見ることができなかったので、放送は見ていません、、、
ko-hei,ko-hei,すいません、用事があって、その時間はテレビを見ることができなかったので、放送は見ていません、、、
ko-hei,ko-hei,すいません、用事があって、その時間はテレビを見ることができなかったので、放送は見ていません、、、
t.kasai,tsukiji,
t.kasai,tsukiji,
t.kasai,tsukiji,
tsukiji,t.kasai,また、ゼミの時間があまりとれないので普段のコミュニケーションとして互いの研究について空き時間とかに話すようにしましょうという話がありました
t.kasai,takano,今年も、学会発表、論文投稿スケジュールを作ってみてもらえますか。
t.kasai,tsukiji,<!channel>  修士4人の前期・後期の授業やTAのスケジュールをまとめたいので、このチャンネルに何の形式でも構わないので共有お願いします。 僕が適当にまとめておけます
ko-hei,tsukiji,<!channel>  修士4人の前期・後期の授業やTAのスケジュールをまとめたいので、このチャンネルに何の形式でも構わないので共有お願いします。 僕が適当にまとめておけます
tsukiji,syun070822,こちらが現在取り組んでいる修論用の研究の中間発表の資料です。
ko-hei,takano,上村：TVの取材に対応できるくらいのレベルに実装しましょう。
tsukiji,takano,築地：DEIMの発表分に、アイディアを盛り込んで、特徴のある技術にしていくこと。
t.kasai,takano,笠井：修士分の研究を、学会論文レベルまでにすること。6月投稿くらいをめどに進めましょう。
t.kasai,tsukiji,<!channel>  ■新入生（博士前期課程・後期課程）  　新入生合同オリエンテーション 　日時:4月3日13:00-14:50 　場所：情報学部棟12階 メディアホール 　内容：履修関係（教務課），奨学金関係（学生課）， 　　　　図書館の利用（図書館），研究倫理（講演）  　専攻別ガイダンス 　日時:4月3日15:00-16:00 　場所：情報学部棟6階 604教室 　内容：学位授与方針，注意事項，修論作成までのスケジュール， 　　　　支援体制，TA募集など  ■博士前期課程(新2年次生～)、博士後期課程(新2年次生～)  　新年度オリエンテーション 　日時:4月3日13:50-14:50 　場所：情報学部棟12階 メディアホール 　内容：研究倫理（講演）  　専攻別ガイダンス 　日時:4月3日15:00-16:00 　場所：情報学部棟6階 604教室 　内容：学位授与方針，注意事項，修論作成までのスケジュール， 　　　　支援体制，TA募集など
ko-hei,tsukiji,<!channel>  ■新入生（博士前期課程・後期課程）  　新入生合同オリエンテーション 　日時:4月3日13:00-14:50 　場所：情報学部棟12階 メディアホール 　内容：履修関係（教務課），奨学金関係（学生課）， 　　　　図書館の利用（図書館），研究倫理（講演）  　専攻別ガイダンス 　日時:4月3日15:00-16:00 　場所：情報学部棟6階 604教室 　内容：学位授与方針，注意事項，修論作成までのスケジュール， 　　　　支援体制，TA募集など  ■博士前期課程(新2年次生～)、博士後期課程(新2年次生～)  　新年度オリエンテーション 　日時:4月3日13:50-14:50 　場所：情報学部棟12階 メディアホール 　内容：研究倫理（講演）  　専攻別ガイダンス 　日時:4月3日15:00-16:00 　場所：情報学部棟6階 604教室 　内容：学位授与方針，注意事項，修論作成までのスケジュール， 　　　　支援体制，TA募集など
ko-hei,t.kasai,なんとか終わりました
t.kasai,tsukiji,笠井君へのコメントメモ しどうさん 性能をみるのはよい着眼点 他にもソフトウェアに関する評価するとよりよくなる思います モンジュール間の大きさ等 笠井君的にはどのような評価が指標になりると考えていますか？  ・機能を追加してよくなったけど実行時間が遅くなるというような状況ではどのように適切に評価するべきか  はやみさん 機能追加のコミットやイシューなどから機能追加でみれるので コミットだけでなく周辺コミュニティから情報を拾うとより良くなると思います
t.kasai,ko-hei,発表頑張ってください！ 厚木から応援してます:mega::mega:
t.kasai,takano,発表の様子を写真を撮るのをお願いして良いですか。
tsukiji,takano,発表の様子を写真を撮るのをお願いして良いですか。
t.kasai,takano,スライドの書き方か、話し方に工夫してください
t.kasai,takano,takano_edu
t.kasai,tsukiji,DEIM2018　発表時間 合計 18分（発表：12〜14分，質疑：4〜6分）（1鈴：12分，2鈴：14分，3鈴：18分）
t.kasai,takano,ありがとう。さきほど、Ali先生に電源ボタンの長押しで再起動してもらいました。
tsukiji,takano,ありがとう。さきほど、Ali先生に電源ボタンの長押しで再起動してもらいました。
ko-hei,takano,ありがとう。さきほど、Ali先生に電源ボタンの長押しで再起動してもらいました。
t.kasai,takano,今晩iphoneで可能ならばskype経由で発表練習をしましょう。
t.kasai,takano,Surfaceが起動しなくなりなした。。
ko-hei,takano,Surfaceが起動しなくなりなした。。
t.kasai,takano,伺い書の出張先ですが、場所を書くところだと思います。「福井県　清風荘」とか
t.kasai,takano,Deimのスライド準備をお願いします
t.kasai,tsukiji,
tsukiji,t.kasai,TODO: DEIMの伺い書書く
takano,t.kasai,予稿論文提出しました :muscle:
t.kasai,tsukiji,現在、システムが複雑化するなかで障害検知に関する機能やシステムはすでに存在している しかし、実際の障害復旧にかかる人的コストは増大している そのため障害復旧にかかｋる人的コストを軽減する為にけんきゅうやってまうｓ
t.kasai,tsukiji,<@U0J8PMAQJ>  中間発表の軽いテンプレートあげます 気に入らなかったら調整して
t.kasai,takano,場所：K1 2Fラウンジ
tsukiji,takano,場所：K1 2Fラウンジ
t.kasai,tsukiji,DEIM2018の事前参加申し込みが始まりました 申込期限は2018年2月19日（月）　23：59　迄だそうです
t.kasai,tsukiji,自分も採録通知が来ました。 教えてくれてありがとう
takano,tsukiji,自分も採録通知が来ました。 教えてくれてありがとう
tsukiji,t.kasai,DEIMの採録通知が来ました 予稿論文の〆切は2月13日（火）です 参加申し込みは数日中に受付開始らしいです プログラム公開は2月23日（金）の予定らしいです
t.kasai,tsukiji,了解です:+1:
hisatsugu_1521038,tsukiji,<@U4Y3V5NKX> それっぽい要件定義書？仕様書？があったのでリンクを送ります <http://fmt.isti.cnr.it/nlreqdataset/>
hisatsugu_1521038,takano,お盆もあけたし、日々の卒研作業報告をお願いします。
shibamoto,takano,お盆もあけたし、日々の卒研作業報告をお願いします。
tsukiji,takano,お盆もあけたし、日々の卒研作業報告をお願いします。
urano_ryoya,takano,お盆もあけたし、日々の卒研作業報告をお願いします。
shigetatomoki,takano,お盆もあけたし、日々の卒研作業報告をお願いします。
daiju.haga-1521042,takano,お盆もあけたし、日々の卒研作業報告をお願いします。
ko-hei,takano,お盆もあけたし、日々の卒研作業報告をお願いします。
urano_ryoya,tsukiji,<@U4Y2B9X28>  浦野くんが学習できるようと考えられる学習例で実際に実装して見ると実験の最初の工程として卒論でも書けるのでガンガンできる範囲のものをやってみましょう
urano_ryoya,tsukiji,<@U4Y2B9X28>  浦野くんが学習できるようと考えられる学習例で実際に実装して見ると実験の最初の工程として卒論でも書けるのでガンガンできる範囲のものをやってみましょう
hisatsugu_1521038,tsukiji,<@U4Y3V5NKX>  この卒研の目的の初めとして 要件定義にあるような文章からソースコードを推薦できるように目指すところから始めて欲しい  推薦した上で開発時間の短縮などはこの研究でやるメリット程度にとどめておくのがいい気がする
hisatsugu_1521038,tsukiji,<@U4Y3V5NKX>  この卒研の目的の初めとして 要件定義にあるような文章からソースコードを推薦できるように目指すところから始めて欲しい  推薦した上で開発時間の短縮などはこの研究でやるメリット程度にとどめておくのがいい気がする
shigetatomoki,tsukiji,<@U4YM85G94>  ロジックを学習させる上でどの粒度が良い結果をもたらすのかは誰にも分からないので、むしろ色々な粒度を列挙した上で結果を見比べる事で価値のある実験になります
daiju.haga-1521042,tsukiji,2018/8/1 セミナーコメント <@U4XUM59NX>  実験で何を確認するのかを考えておいて下さい 実験によって何を証明(確認)するかを実験目的として、用意するデータや実験するためにはどのような手順で被験者に協力を仰ぐかを考えておいて下さい。
urano_ryoya,tsukiji,<!channel>  何人かやっているようですが、空いている時間に清原先生から頂いたコメントをgithubのイシューなどにメモしておきましょう。 結構時間を割いてコメントしていたようなのでしっかり反映できるといいですね
hisatsugu_1521038,tsukiji,<!channel>  何人かやっているようですが、空いている時間に清原先生から頂いたコメントをgithubのイシューなどにメモしておきましょう。 結構時間を割いてコメントしていたようなのでしっかり反映できるといいですね
shibamoto,tsukiji,<!channel>  何人かやっているようですが、空いている時間に清原先生から頂いたコメントをgithubのイシューなどにメモしておきましょう。 結構時間を割いてコメントしていたようなのでしっかり反映できるといいですね
daiju.haga-1521042,tsukiji,<!channel>  何人かやっているようですが、空いている時間に清原先生から頂いたコメントをgithubのイシューなどにメモしておきましょう。 結構時間を割いてコメントしていたようなのでしっかり反映できるといいですね
satotoshiki,tsukiji,<!channel>  何人かやっているようですが、空いている時間に清原先生から頂いたコメントをgithubのイシューなどにメモしておきましょう。 結構時間を割いてコメントしていたようなのでしっかり反映できるといいですね
shigetatomoki,tsukiji,<!channel>  何人かやっているようですが、空いている時間に清原先生から頂いたコメントをgithubのイシューなどにメモしておきましょう。 結構時間を割いてコメントしていたようなのでしっかり反映できるといいですね
shigetatomoki,shigetatomoki,<!channel> １限からいないといけない日です、すぐ集合！
shigetatomoki,shigetatomoki,<!channel> 中間発表用の資料のスライド番号（右下の数字）について、卒業生の方から「小さくて見づらい」という意見があったので、サイズを大きくするように統一したいです。指定がなければ、16ポイントに変更でよいですか？
ko-hei,shigetatomoki,<!channel> 中間発表用の資料のスライド番号（右下の数字）について、卒業生の方から「小さくて見づらい」という意見があったので、サイズを大きくするように統一したいです。指定がなければ、16ポイントに変更でよいですか？
urano_ryoya,shigetatomoki,<!channel> 中間発表用の資料のスライド番号（右下の数字）について、卒業生の方から「小さくて見づらい」という意見があったので、サイズを大きくするように統一したいです。指定がなければ、16ポイントに変更でよいですか？
hisatsugu_1521038,shigetatomoki,<!channel> 中間発表用の資料のスライド番号（右下の数字）について、卒業生の方から「小さくて見づらい」という意見があったので、サイズを大きくするように統一したいです。指定がなければ、16ポイントに変更でよいですか？
daiju.haga-1521042,shigetatomoki,<!channel> 中間発表用の資料のスライド番号（右下の数字）について、卒業生の方から「小さくて見づらい」という意見があったので、サイズを大きくするように統一したいです。指定がなければ、16ポイントに変更でよいですか？
satotoshiki,shigetatomoki,<!channel> 中間発表用の資料のスライド番号（右下の数字）について、卒業生の方から「小さくて見づらい」という意見があったので、サイズを大きくするように統一したいです。指定がなければ、16ポイントに変更でよいですか？
shibamoto,shigetatomoki,<!channel> 中間発表用の資料のスライド番号（右下の数字）について、卒業生の方から「小さくて見づらい」という意見があったので、サイズを大きくするように統一したいです。指定がなければ、16ポイントに変更でよいですか？
urano_ryoya,shigetatomoki,<!channel> 中間発表用の資料のスライド番号（右下の数字）について、卒業生の方から「小さくて見づらい」という意見があったので、サイズを大きくするように統一したいです。指定がなければ、16ポイントに変更でよいですか？
tsukiji,ko-hei,長沼くんと僕の発表が終わりました:tada: 長沼くんは緊張はしていましたが、質疑応答も含めて内容的にはとても良い発表だったと思います。  また2発表ともに、貴重なご意見やご質問を頂きました。帰ってから詳しく報告します。
hisatsugu_1521038,ko-hei,長沼くんと僕の発表が終わりました:tada: 長沼くんは緊張はしていましたが、質疑応答も含めて内容的にはとても良い発表だったと思います。  また2発表ともに、貴重なご意見やご質問を頂きました。帰ってから詳しく報告します。
t.kasai,ko-hei,長沼くんと僕の発表が終わりました:tada: 長沼くんは緊張はしていましたが、質疑応答も含めて内容的にはとても良い発表だったと思います。  また2発表ともに、貴重なご意見やご質問を頂きました。帰ってから詳しく報告します。
syun070822,ko-hei,長沼くんと僕の発表が終わりました:tada: 長沼くんは緊張はしていましたが、質疑応答も含めて内容的にはとても良い発表だったと思います。  また2発表ともに、貴重なご意見やご質問を頂きました。帰ってから詳しく報告します。
takano,ko-hei,長沼くんと僕の発表が終わりました:tada: 長沼くんは緊張はしていましたが、質疑応答も含めて内容的にはとても良い発表だったと思います。  また2発表ともに、貴重なご意見やご質問を頂きました。帰ってから詳しく報告します。
urano_ryoya,ko-hei,長沼くんと僕の発表が終わりました:tada: 長沼くんは緊張はしていましたが、質疑応答も含めて内容的にはとても良い発表だったと思います。  また2発表ともに、貴重なご意見やご質問を頂きました。帰ってから詳しく報告します。
shigetatomoki,ko-hei,長沼くんと僕の発表が終わりました:tada: 長沼くんは緊張はしていましたが、質疑応答も含めて内容的にはとても良い発表だったと思います。  また2発表ともに、貴重なご意見やご質問を頂きました。帰ってから詳しく報告します。
shibamoto,ko-hei,長沼くんと僕の発表が終わりました:tada: 長沼くんは緊張はしていましたが、質疑応答も含めて内容的にはとても良い発表だったと思います。  また2発表ともに、貴重なご意見やご質問を頂きました。帰ってから詳しく報告します。
satotoshiki,ko-hei,長沼くんと僕の発表が終わりました:tada: 長沼くんは緊張はしていましたが、質疑応答も含めて内容的にはとても良い発表だったと思います。  また2発表ともに、貴重なご意見やご質問を頂きました。帰ってから詳しく報告します。
t.kasai,ko-hei,長沼くんと僕の発表が終わりました:tada: 長沼くんは緊張はしていましたが、質疑応答も含めて内容的にはとても良い発表だったと思います。  また2発表ともに、貴重なご意見やご質問を頂きました。帰ってから詳しく報告します。
daiju.haga-1521042,ko-hei,長沼くんと僕の発表が終わりました:tada: 長沼くんは緊張はしていましたが、質疑応答も含めて内容的にはとても良い発表だったと思います。  また2発表ともに、貴重なご意見やご質問を頂きました。帰ってから詳しく報告します。
urano_ryoya,ko-hei,長沼くんと僕の発表が終わりました:tada: 長沼くんは緊張はしていましたが、質疑応答も含めて内容的にはとても良い発表だったと思います。  また2発表ともに、貴重なご意見やご質問を頂きました。帰ってから詳しく報告します。
t.kasai,ko-hei,長沼くんと僕の発表が終わりました:tada: 長沼くんは緊張はしていましたが、質疑応答も含めて内容的にはとても良い発表だったと思います。  また2発表ともに、貴重なご意見やご質問を頂きました。帰ってから詳しく報告します。
t.kasai,ko-hei,長沼くんと僕の発表が終わりました:tada: 長沼くんは緊張はしていましたが、質疑応答も含めて内容的にはとても良い発表だったと思います。  また2発表ともに、貴重なご意見やご質問を頂きました。帰ってから詳しく報告します。
daiju.haga-1521042,shibamoto,<@U4XUM59NX> 先生に呼ばれてたよ!!!!10秒ほど前に
daiju.haga-1521042,shibamoto,あと、4年生は、土曜日にでも羽賀くんのシステムのデモの仕方を教わっておくと良いかもしれないです。(何かの役に立つはず…？) 私のデモは簡単なので、当日に教えます(もしくは、事前にwikiかなんかに書いておきます)  毎年、この時期は来場者が多いみたいですが、頑張りましょう〜
tsukiji,shibamoto,あと、4年生は、土曜日にでも羽賀くんのシステムのデモの仕方を教わっておくと良いかもしれないです。(何かの役に立つはず…？) 私のデモは簡単なので、当日に教えます(もしくは、事前にwikiかなんかに書いておきます)  毎年、この時期は来場者が多いみたいですが、頑張りましょう〜
hisatsugu_1521038,shibamoto,あと、4年生は、土曜日にでも羽賀くんのシステムのデモの仕方を教わっておくと良いかもしれないです。(何かの役に立つはず…？) 私のデモは簡単なので、当日に教えます(もしくは、事前にwikiかなんかに書いておきます)  毎年、この時期は来場者が多いみたいですが、頑張りましょう〜
daiju.haga-1521042,takano,オープンキャンパスの準備は、大方今日中に済ませておくようにお願いします。
shibamoto,takano,オープンキャンパスの準備は、大方今日中に済ませておくようにお願いします。
hisatsugu_1521038,takano,<@U4Y3V5NKX> 中間発表スライドですが、大筋は大体良いと思います。レイアウトや文言は、修正したほうが良い点がいくつかあります。
daiju.haga-1521042,shigetatomoki,<!channel>  幾徳祭実行委員からメールが来ました。 以下、内容そのまま、下にも書いてありますが、提出期限は8月24日(金)   パンフレットに掲載する写真なのですが、 例年各学科一枚使用していましたが、 今年度は違うレイアウトで掲載したいと考えておりますので 、 各研究室につき一枚使用させていただきたいです。  つきましては「パンフレット掲載写真」の提出を 8月24日（金） までにお願いいたします。  写真の形式につきましては 画像ファイル名：研究室名 データ形式：「.jpg」または「.bmp」 に変更をお願いいたします。 以上の変更を行った上、 本メールアドレス「 <mailto:ikutoku.jikkou@gmail.com|ikutoku.jikkou@gmail.com> 」までご送信お願いいたします。 
urano_ryoya,tsukiji,
hisatsugu_1521038,takano,<!channel> 中間ポスター資料について、先週のゼミの内容を反映させてください。80%くらいの完成版を明日7/16の15時までに提出してください。
daiju.haga-1521042,takano,<!channel> 中間ポスター資料について、先週のゼミの内容を反映させてください。80%くらいの完成版を明日7/16の15時までに提出してください。
shibamoto,takano,<!channel> 中間ポスター資料について、先週のゼミの内容を反映させてください。80%くらいの完成版を明日7/16の15時までに提出してください。
urano_ryoya,takano,<!channel> 中間ポスター資料について、先週のゼミの内容を反映させてください。80%くらいの完成版を明日7/16の15時までに提出してください。
shigetatomoki,takano,<!channel> 中間ポスター資料について、先週のゼミの内容を反映させてください。80%くらいの完成版を明日7/16の15時までに提出してください。
hisatsugu_1521038,tsukiji,MATLABのインストール方法 githubにログインしてね
urano_ryoya,takano,特別な事情がなければ毎日来て、午前中には作業を開始しましょう。
daiju.haga-1521042,takano,特別な事情がなければ毎日来て、午前中には作業を開始しましょう。
hisatsugu_1521038,takano,中間発表のスライドですが、具体的な内容に乏しく、もっと改善が必要です。研究室で作業をする習慣をつけましょう。
daiju.haga-1521042,takano,中間発表のスライドですが、具体的な内容に乏しく、もっと改善が必要です。研究室で作業をする習慣をつけましょう。
shibamoto,takano,中間発表のスライドですが、具体的な内容に乏しく、もっと改善が必要です。研究室で作業をする習慣をつけましょう。
urano_ryoya,ko-hei,
shibamoto,ko-hei,
shibamoto,t.kasai,2017年度の中間発表スライドを発掘しました :muscle:
shigetatomoki,t.kasai,2017年度の中間発表スライドを発掘しました :muscle:
urano_ryoya,shigetatomoki,提出期限は7月13日です
t.kasai,shigetatomoki,提出期限は7月13日です
shibamoto,shigetatomoki,提出期限は7月13日です
daiju.haga-1521042,shigetatomoki,提出期限は7月13日です
hisatsugu_1521038,shigetatomoki,提出期限は7月13日です
tsukiji,shigetatomoki,提出期限は7月13日です
urano_ryoya,t.kasai,調整は面倒ですが、あとあと苦しまないためによろしくお願いします :bow:
hisatsugu_1521038,t.kasai,調整は面倒ですが、あとあと苦しまないためによろしくお願いします :bow:
daiju.haga-1521042,t.kasai,調整は面倒ですが、あとあと苦しまないためによろしくお願いします :bow:
shibamoto,t.kasai,調整は面倒ですが、あとあと苦しまないためによろしくお願いします :bow:
shigetatomoki,t.kasai,調整は面倒ですが、あとあと苦しまないためによろしくお願いします :bow:
ko-hei,daiju.haga-1521042,幾徳祭参加申込書を提出しました。学生代表は重田くんです。
hisatsugu_1521038,daiju.haga-1521042,幾徳祭参加申込書を提出しました。学生代表は重田くんです。
tsukiji,daiju.haga-1521042,幾徳祭参加申込書を提出しました。学生代表は重田くんです。
t.kasai,daiju.haga-1521042,幾徳祭参加申込書を提出しました。学生代表は重田くんです。
urano_ryoya,daiju.haga-1521042,幾徳祭参加申込書を提出しました。学生代表は重田くんです。
syun070822,daiju.haga-1521042,幾徳祭参加申込書を提出しました。学生代表は重田くんです。
urano_ryoya,daiju.haga-1521042,幾徳祭でやること ・アイロンビーズ  学祭の費用 ・3万くらい ・使う理由があるものは買える ・オーバーするくらいがいい、使い切らないと予算減らされる ・事前に使い切る計画をたてる
shibamoto,daiju.haga-1521042,幾徳祭でやること ・アイロンビーズ  学祭の費用 ・3万くらい ・使う理由があるものは買える ・オーバーするくらいがいい、使い切らないと予算減らされる ・事前に使い切る計画をたてる
urano_ryoya,daiju.haga-1521042,幾徳祭でやること ・アイロンビーズ  学祭の費用 ・3万くらい ・使う理由があるものは買える ・オーバーするくらいがいい、使い切らないと予算減らされる ・事前に使い切る計画をたてる
hisatsugu_1521038,shibamoto,<!channel> 中間発表が約1ヶ月後に迫ってきました．なので，中間発表のポスターを作る必要があります．ポスターは表紙含めて9枚です．詳しくは，去年の先輩のスライド等を見てください．テンプレは全員でデザインを統一するためにこの場にあげておきます
shigetatomoki,shibamoto,<!channel> 中間発表が約1ヶ月後に迫ってきました．なので，中間発表のポスターを作る必要があります．ポスターは表紙含めて9枚です．詳しくは，去年の先輩のスライド等を見てください．テンプレは全員でデザインを統一するためにこの場にあげておきます
tsukiji,shibamoto,<!channel> 中間発表が約1ヶ月後に迫ってきました．なので，中間発表のポスターを作る必要があります．ポスターは表紙含めて9枚です．詳しくは，去年の先輩のスライド等を見てください．テンプレは全員でデザインを統一するためにこの場にあげておきます
daiju.haga-1521042,shibamoto,<@U4XUM59NX> 幾徳祭で研究室公開をするのですが，それ関係の資料の締め切りが，6/29までです．提出をお願いします．詳しくは机に置いてある資料を確認してください．不明点は遠慮なく聞いて下さい．よろしくお願いします．（ちなみに，私が羽賀君を任命したわけではないので恨まないでください）
ko-hei,tsukiji,<!channel>  そろそろ研究で作業をした内容を先生が把握できるように報告しましょう。 reportチャンネルでその日何を目的として何をしたのかを書くこと 帰る前に先生に何をしたのかを直接はなすこと 院生も模範とるようにやりましょう
shigetatomoki,tsukiji,<!channel>  そろそろ研究で作業をした内容を先生が把握できるように報告しましょう。 reportチャンネルでその日何を目的として何をしたのかを書くこと 帰る前に先生に何をしたのかを直接はなすこと 院生も模範とるようにやりましょう
shigetatomoki,tsukiji,<!channel>  そろそろ研究で作業をした内容を先生が把握できるように報告しましょう。 reportチャンネルでその日何を目的として何をしたのかを書くこと 帰る前に先生に何をしたのかを直接はなすこと 院生も模範とるようにやりましょう
ko-hei,shibamoto,水曜日にセミナーがあると思うので、その時にでも回収しようと思います。   セミナー始まる前までに、記入を終えておくと、スムーズに提出できると思うので、皆さん、宜しくお願いします。
shigetatomoki,shibamoto,水曜日にセミナーがあると思うので、その時にでも回収しようと思います。   セミナー始まる前までに、記入を終えておくと、スムーズに提出できると思うので、皆さん、宜しくお願いします。
daiju.haga-1521042,shibamoto,水曜日にセミナーがあると思うので、その時にでも回収しようと思います。   セミナー始まる前までに、記入を終えておくと、スムーズに提出できると思うので、皆さん、宜しくお願いします。
s1421163,shibamoto,水曜日にセミナーがあると思うので、その時にでも回収しようと思います。   セミナー始まる前までに、記入を終えておくと、スムーズに提出できると思うので、皆さん、宜しくお願いします。
hisatsugu_1521038,shibamoto,水曜日にセミナーがあると思うので、その時にでも回収しようと思います。   セミナー始まる前までに、記入を終えておくと、スムーズに提出できると思うので、皆さん、宜しくお願いします。
tsukiji,ko-hei,"<!channel> 4年生は，先生や院生からのメッセージに対して，何らかのレスポンスをするようにお願いします． 特に先生からは,  事務的なものも含めて，重要な連絡やお願いをしていることが多いです． レスポンスをしないのは，先生や院生の言っていることを無視しているのと同義なので，そこをよく考えて行動するようにお願いします．"
shibamoto,ko-hei,"<!channel> 4年生は，先生や院生からのメッセージに対して，何らかのレスポンスをするようにお願いします． 特に先生からは,  事務的なものも含めて，重要な連絡やお願いをしていることが多いです． レスポンスをしないのは，先生や院生の言っていることを無視しているのと同義なので，そこをよく考えて行動するようにお願いします．"
shigetatomoki,ko-hei,"<!channel> 4年生は，先生や院生からのメッセージに対して，何らかのレスポンスをするようにお願いします． 特に先生からは,  事務的なものも含めて，重要な連絡やお願いをしていることが多いです． レスポンスをしないのは，先生や院生の言っていることを無視しているのと同義なので，そこをよく考えて行動するようにお願いします．"
s1421163,ko-hei,"<!channel> 4年生は，先生や院生からのメッセージに対して，何らかのレスポンスをするようにお願いします． 特に先生からは,  事務的なものも含めて，重要な連絡やお願いをしていることが多いです． レスポンスをしないのは，先生や院生の言っていることを無視しているのと同義なので，そこをよく考えて行動するようにお願いします．"
shibamoto,takano,4年生のみなさん、就活状況報告シートの回収をお願いします。回収後、代表者が、6Fの福沢さんのところに持っていててもらえますか。
shigetatomoki,takano,4年生のみなさん、就活状況報告シートの回収をお願いします。回収後、代表者が、6Fの福沢さんのところに持っていててもらえますか。
daiju.haga-1521042,takano,4年生のみなさん、就活状況報告シートの回収をお願いします。回収後、代表者が、6Fの福沢さんのところに持っていててもらえますか。
s1421163,takano,4年生のみなさん、就活状況報告シートの回収をお願いします。回収後、代表者が、6Fの福沢さんのところに持っていててもらえますか。
ko-hei,takano,4年生のみなさん、就活状況報告シートの回収をお願いします。回収後、代表者が、6Fの福沢さんのところに持っていててもらえますか。
ko-hei,takano,3年生セミナーは4年生セミナ－の一環としてやっていますので、参加するようにしましょう。
ko-hei,s1421163,いきなり失礼します。 本日のゼミと懇親会、体調が優れないためお休みさせていただきます。 懇親会を企画してくださった方々、本当に申し訳ありません。
urano_ryoya,s1421163,いきなり失礼します。 本日のゼミと懇親会、体調が優れないためお休みさせていただきます。 懇親会を企画してくださった方々、本当に申し訳ありません。
shigetatomoki,s1421163,いきなり失礼します。 本日のゼミと懇親会、体調が優れないためお休みさせていただきます。 懇親会を企画してくださった方々、本当に申し訳ありません。
ko-hei,s1421163,いきなり失礼します。 本日のゼミと懇親会、体調が優れないためお休みさせていただきます。 懇親会を企画してくださった方々、本当に申し訳ありません。
shigetatomoki,s1421163,いきなり失礼します。 本日のゼミと懇親会、体調が優れないためお休みさせていただきます。 懇親会を企画してくださった方々、本当に申し訳ありません。
ko-hei,s1421163,いきなり失礼します。 本日のゼミと懇親会、体調が優れないためお休みさせていただきます。 懇親会を企画してくださった方々、本当に申し訳ありません。
shigetatomoki,s1421163,いきなり失礼します。 本日のゼミと懇親会、体調が優れないためお休みさせていただきます。 懇親会を企画してくださった方々、本当に申し訳ありません。
ko-hei,s1421163,いきなり失礼します。 本日のゼミと懇親会、体調が優れないためお休みさせていただきます。 懇親会を企画してくださった方々、本当に申し訳ありません。
shigetatomoki,s1421163,いきなり失礼します。 本日のゼミと懇親会、体調が優れないためお休みさせていただきます。 懇親会を企画してくださった方々、本当に申し訳ありません。
ko-hei,s1421163,いきなり失礼します。 本日のゼミと懇親会、体調が優れないためお休みさせていただきます。 懇親会を企画してくださった方々、本当に申し訳ありません。
shigetatomoki,s1421163,いきなり失礼します。 本日のゼミと懇親会、体調が優れないためお休みさせていただきます。 懇親会を企画してくださった方々、本当に申し訳ありません。
ko-hei,s1421163,いきなり失礼します。 本日のゼミと懇親会、体調が優れないためお休みさせていただきます。 懇親会を企画してくださった方々、本当に申し訳ありません。
shigetatomoki,s1421163,いきなり失礼します。 本日のゼミと懇親会、体調が優れないためお休みさせていただきます。 懇親会を企画してくださった方々、本当に申し訳ありません。
t.kasai,s1421163,いきなり失礼します。 本日のゼミと懇親会、体調が優れないためお休みさせていただきます。 懇親会を企画してくださった方々、本当に申し訳ありません。
urano_ryoya,s1421163,いきなり失礼します。 本日のゼミと懇親会、体調が優れないためお休みさせていただきます。 懇親会を企画してくださった方々、本当に申し訳ありません。
shigetatomoki,s1421163,いきなり失礼します。 本日のゼミと懇親会、体調が優れないためお休みさせていただきます。 懇親会を企画してくださった方々、本当に申し訳ありません。
ko-hei,s1421163,いきなり失礼します。 本日のゼミと懇親会、体調が優れないためお休みさせていただきます。 懇親会を企画してくださった方々、本当に申し訳ありません。
tsukiji,takano,チュラの学生も歓迎してあげてください。
ko-hei,takano,チュラの学生も歓迎してあげてください。
shigetatomoki,t.kasai,ソースコード分類やる人（もしくはその他）は試してみてください
shibamoto,satotoshiki,<@U2808K7U2> 3年前期でセバスチャンが作ったプログラム上げておきます
satotoshiki,tsukiji,<@U4Y2BNA2Y>  ・フォニックスを選んだ理由(なぜ着目したのか) 佐藤君はフォニックスをどう扱うために出したのかを明確にしてほしい 【例】 　・フォニックスが持つ課題を自分の研究で解決する 　・フォニックスを使って何か課題を解決するのか
satotoshiki,tsukiji,<@U4Y2BNA2Y>  ・フォニックスを選んだ理由(なぜ着目したのか) 佐藤君はフォニックスをどう扱うために出したのかを明確にしてほしい 【例】 　・フォニックスが持つ課題を自分の研究で解決する 　・フォニックスを使って何か課題を解決するのか
ko-hei,hisatsugu_1521038,就活生の方：週に何日くらい説明会や面接あるかの情報を提示してほしいそうです。
daiju.haga-1521042,hisatsugu_1521038,就活生の方：週に何日くらい説明会や面接あるかの情報を提示してほしいそうです。
satotoshiki,hisatsugu_1521038,就活生の方：週に何日くらい説明会や面接あるかの情報を提示してほしいそうです。
satotoshiki,urano_ryoya,<@U4Y2BNA2Y> Image magickでGIF作成すると良いかもしれないです <https://www.imagemagick.org/script/index.php> <http://www.protein.osaka-u.ac.jp/rcsfp/supracryst/suzuki/jpxtal/Katsutani/gif1.php>
daiju.haga-1521042,takano,<@U4XUM59NX> その際、3次元的なプログラミングを学習をするために、ARが必要なので、それらを教材の例題として活用する、という感じを検討してみてもらえますか。
hisatsugu_1521038,takano,<@U4Y3V5NKX> githubにファイルをアップロードしてますか。
t.kasai,takano,<@U0J8PMAQJ> 君もリードしてもらえると助かります。
shigetatomoki,takano,<@U4YM85G94> ちょっと発展させると「ソースコード類似度の算出機能（モジュール）」を作るということになります。この部分の話は、<@U4YM85G94> <@U4Y2B9X28> <@U4Y3V5NKX> くんも関係してくると思うので、研究室のプロジェクトとして進めてみませんか。
ko-hei,takano,githubの使用方法については、他のメンバーに聞いてみて下さい。
satotoshiki,takano,githubの使用方法については、他のメンバーに聞いてみて下さい。
ko-hei,takano,githubの使用方法については、他のメンバーに聞いてみて下さい。
shibamoto,hisatsugu_1521038,出したよ
daiju.haga-1521042,hisatsugu_1521038,出したよ
shigetatomoki,hisatsugu_1521038,出したよ
daiju.haga-1521042,shigetatomoki,人数がとてもすくないので、話し合いの結果、今日の懇親会は中止になりました
shigetatomoki,shigetatomoki,人数がとてもすくないので、話し合いの結果、今日の懇親会は中止になりました
takano,shigetatomoki,人数がとてもすくないので、話し合いの結果、今日の懇親会は中止になりました
hisatsugu_1521038,shibamoto,今日、ゼミ参加できなかった人 へ  今日のゼミで、GitHubで卒研用のリポジトリを作って、スライドをアップロードする方法等をしました。 やり方をざっっっくりまとめたので、ご参考までにどうぞ。 <https://github.com/kait-takanolab/1521183-shibamoto-thesis/wiki/%E3%82%BC%E3%83%9F%E3%81%A7%E3%81%AE%E3%82%B9%E3%83%A9%E3%82%A4%E3%83%89%E5%85%B1%E6%9C%89%E3%81%AE%E4%BB%95%E6%96%B9>  わからなかったら、詳しそうな人に聞いてください。
satotoshiki,shibamoto,今日、ゼミ参加できなかった人 へ  今日のゼミで、GitHubで卒研用のリポジトリを作って、スライドをアップロードする方法等をしました。 やり方をざっっっくりまとめたので、ご参考までにどうぞ。 <https://github.com/kait-takanolab/1521183-shibamoto-thesis/wiki/%E3%82%BC%E3%83%9F%E3%81%A7%E3%81%AE%E3%82%B9%E3%83%A9%E3%82%A4%E3%83%89%E5%85%B1%E6%9C%89%E3%81%AE%E4%BB%95%E6%96%B9>  わからなかったら、詳しそうな人に聞いてください。
s1421163,tsukiji,<@UA5NHRKCP>  ・スライド後半の先週の変更点は、今までのスライドの中に合体しておくこと 例えば、想定問題のスライドは問題の原案or授業設計スライドに含めるなど ・２０以降のスライドで①についてなど複数のスライドにまたがると分かりにくくなるので、もう一度書いてくれるとわかり少なります。 ・想定する(やりたい)授業、その授業で用いる(必要となる)問題例、その問題の出題意図(傾向？)の流れをスライドで整えてみてください。 ・実装するためのシステムつくりを始めてほしい。(どんなシステム構成にするのか、試作段階として選択問題を作ってみるなど)
shigetatomoki,t.kasai,<!here> さきほど説明したスライド共有の方法について、今日来てない人に誰か伝えてください :pray:
shibamoto,t.kasai,<!here> さきほど説明したスライド共有の方法について、今日来てない人に誰か伝えてください :pray:
urano_ryoya,t.kasai,<!here> さきほど説明したスライド共有の方法について、今日来てない人に誰か伝えてください :pray:
ko-hei,shibamoto,<!here> 研究室にいる人は、3ゼミ加わってあげて下さい。
tsukiji,shibamoto,<!here> 研究室にいる人は、3ゼミ加わってあげて下さい。
t.kasai,satotoshiki,体調不良の為、今日の4年セミナーと懇親会を欠席します。すみません
urano_ryoya,satotoshiki,体調不良の為、今日の4年セミナーと懇親会を欠席します。すみません
shigetatomoki,satotoshiki,体調不良の為、今日の4年セミナーと懇親会を欠席します。すみません
tsukiji,satotoshiki,<!channel> 5/9懇親会で食べたい物の出ている案が 粉もの、肉(焼肉ローストビーフ)、寿司(手巻き寿司)です.
shigetatomoki,syun070822,<@U4YM85G94> <@U4Y3V5NKX>  <http://prg.is.titech.ac.jp/ja/projects/selene/> ソースコード推薦はここにある論文とツールが参考になるかもしれないです
ko-hei,syun070822,<@U4YM85G94> <@U4Y3V5NKX>  <http://prg.is.titech.ac.jp/ja/projects/selene/> ソースコード推薦はここにある論文とツールが参考になるかもしれないです
hisatsugu_1521038,syun070822,<@U4YM85G94> <@U4Y3V5NKX>  <http://prg.is.titech.ac.jp/ja/projects/selene/> ソースコード推薦はここにある論文とツールが参考になるかもしれないです
t.kasai,syun070822,<@U4YM85G94> <@U4Y3V5NKX>  <http://prg.is.titech.ac.jp/ja/projects/selene/> ソースコード推薦はここにある論文とツールが参考になるかもしれないです
s1421163,ko-hei,<@UA5NHRKCP>  フィールドワーク型の学習システムの実装 フィールドワーク型学習の定義（時間や問題数など）
shigetatomoki,ko-hei,"<@U4YM85G94>  対象→どういう機能における典型的な使用例における定型文の決め方 同じ機能で違う書き方の可能性 定型文の定義 どのような場面で定型文が発生するか． 同一プロジェクト内においての使用頻度等の情報なら取得可能 例を挙げてわかりやすくすることを意識 構文が似てる，構成が似ている． if,elseなど，予約語を元に構文解析し，カウント 予約語の類似度，どやって決めるかはわからん ソースコード分類に関する研究を操作 関数をキーにして"
satotoshiki,ko-hei,<@U4Y2BNA2Y>  多言語学習でも良い（英語に絞る必要はない） すべての会話において，発音動作図を意識した場合の学習効果を計る． 発音動作図を動画（アニメーション）形式にする． その為のフレームワークかソフトウェアを探す．
urano_ryoya,ko-hei,<@U4Y2B9X28>  汎用性を目指すなら，手軽さやコストの面での汎用性が重要→難しい部分も多い どうゆうプログラミング学習にGo言語が使えるか（バックエンドの開発にGoを使う） またはGo言語を用いたプログラミング学習で考えられるメリット，特徴があるかどうか． を，理論的に考えて提示する．
hisatsugu_1521038,tsukiji,<@U4Y3V5NKX>  先生のアドバイスのプログラミングの定石とはどんなことなのかを 自分なりに考えたものをスライドに盛り込んでみよう 書き出してみると定石だけでない何かの規則性があるのかもしれないです  重田君にも聞きたいんだけど皆にも理解しやすいように、既存のソースコード推薦がどういう風にやっているのかを説明できると、自分のやりたい事と比較ができます
shigetatomoki,tsukiji,<@U4Y3V5NKX>  先生のアドバイスのプログラミングの定石とはどんなことなのかを 自分なりに考えたものをスライドに盛り込んでみよう 書き出してみると定石だけでない何かの規則性があるのかもしれないです  重田君にも聞きたいんだけど皆にも理解しやすいように、既存のソースコード推薦がどういう風にやっているのかを説明できると、自分のやりたい事と比較ができます
daiju.haga-1521042,tsukiji,<@U4XUM59NX>  なぜその科目に着目したのか(単にまだやられていないのみだと少し不安)を教育方法や学習方法を含めてアイディアを考えてみてください。 関連研究見ると科目だけなら国際論文含めると物理もありそうな気もする 拡張現実技術を用いた教育用ソフトウェアの開発と応用 AR技術（拡張現実）を活用した家庭科教材の開発 地理教育用AR（拡張現実）システム
s1421163,tsukiji,<@UA5NHRKCP>  問題の出し方や どんなふうに出題すればちびっこが喜ぶかを考えるとよいと思います 問題そのものは面白いと思います 実装は頑張って(院生含めいろんな人にじゃんじゃん聞いてみて)
shigetatomoki,tsukiji,<@U4YM85G94>  「定型文」とは何かもう少し具体的に書き出してみる 具体例で定型文から外れたものを出してみると皆に理解してもらいやすいよ 例：インデントガン無視で書いてあるコードとインデントそろえたコード 例：ajaxとかの機能の意味で書き方が違うため分かりずらくなっているパターンの例 いろいろある気もするから思いつく限りとりあえず書いてみるといいよ
shigetatomoki,tsukiji,<@U4YM85G94>  このシステムがどんな時使うと便利かを考えるとより話が具体的になると思います。 熊田君の卒研のソースコード検索みたいに、講義の時はWebよりも講義で使用される資料や教科書のほうが良い場合があるとか、場合によっていろいろ使える場面は出てくるので考えてみるといいかもしれないです
satotoshiki,tsukiji,<@U4Y2BNA2Y>  セミナーで皆に説明するうえで引き継いでいる青木君と星野君が「どこまでできたのか」をまとめると皆の理解度が深まります。そうすると、先輩の研究でやったことと自分がやりたいことがどのように違うのかが分かりやすくなります。
shibamoto,takano,特別な用事がなければ、研究室で作業するようにしましょう。先週のセミナーの限りでは、準備が足りていないと思いました。ディスカッション用のワークシートに、数行書いてあるだけ、のような準備の仕方を、繰り返さないようにしましょう。
daiju.haga-1521042,takano,特別な用事がなければ、研究室で作業するようにしましょう。先週のセミナーの限りでは、準備が足りていないと思いました。ディスカッション用のワークシートに、数行書いてあるだけ、のような準備の仕方を、繰り返さないようにしましょう。
urano_ryoya,takano,特別な用事がなければ、研究室で作業するようにしましょう。先週のセミナーの限りでは、準備が足りていないと思いました。ディスカッション用のワークシートに、数行書いてあるだけ、のような準備の仕方を、繰り返さないようにしましょう。
hisatsugu_1521038,takano,特別な用事がなければ、研究室で作業するようにしましょう。先週のセミナーの限りでは、準備が足りていないと思いました。ディスカッション用のワークシートに、数行書いてあるだけ、のような準備の仕方を、繰り返さないようにしましょう。
satotoshiki,takano,特別な用事がなければ、研究室で作業するようにしましょう。先週のセミナーの限りでは、準備が足りていないと思いました。ディスカッション用のワークシートに、数行書いてあるだけ、のような準備の仕方を、繰り返さないようにしましょう。
s1421163,takano,特別な用事がなければ、研究室で作業するようにしましょう。先週のセミナーの限りでは、準備が足りていないと思いました。ディスカッション用のワークシートに、数行書いてあるだけ、のような準備の仕方を、繰り返さないようにしましょう。
shigetatomoki,takano,特別な用事がなければ、研究室で作業するようにしましょう。先週のセミナーの限りでは、準備が足りていないと思いました。ディスカッション用のワークシートに、数行書いてあるだけ、のような準備の仕方を、繰り返さないようにしましょう。
ko-hei,takano,特別な用事がなければ、研究室で作業するようにしましょう。先週のセミナーの限りでは、準備が足りていないと思いました。ディスカッション用のワークシートに、数行書いてあるだけ、のような準備の仕方を、繰り返さないようにしましょう。
urano_ryoya,t.kasai,なんか偶然見つけたんですが、ソースコード推薦とかそこら辺の論文がまとまってる（雰囲気の）論文誌を見つけたので興味ある人は読んでみると良いかもしれない（僕は中身までは見てない
hisatsugu_1521038,t.kasai,なんか偶然見つけたんですが、ソースコード推薦とかそこら辺の論文がまとまってる（雰囲気の）論文誌を見つけたので興味ある人は読んでみると良いかもしれない（僕は中身までは見てない
urano_ryoya,t.kasai,引き継ぎ会とかで上村君とかから聞いてると思いますが、関連研究を調べる際の検索エンジンリンク集を作成しました 参考にしてください <https://github.com/kait-takanolab/knowledge/wiki/%E8%AB%96%E6%96%87%E6%A4%9C%E7%B4%A2%E3%82%A8%E3%83%B3%E3%82%B8%E3%83%B3>
shibamoto,t.kasai,引き継ぎ会とかで上村君とかから聞いてると思いますが、関連研究を調べる際の検索エンジンリンク集を作成しました 参考にしてください <https://github.com/kait-takanolab/knowledge/wiki/%E8%AB%96%E6%96%87%E6%A4%9C%E7%B4%A2%E3%82%A8%E3%83%B3%E3%82%B8%E3%83%B3>
ko-hei,t.kasai,引き継ぎ会とかで上村君とかから聞いてると思いますが、関連研究を調べる際の検索エンジンリンク集を作成しました 参考にしてください <https://github.com/kait-takanolab/knowledge/wiki/%E8%AB%96%E6%96%87%E6%A4%9C%E7%B4%A2%E3%82%A8%E3%83%B3%E3%82%B8%E3%83%B3>
shigetatomoki,t.kasai,引き継ぎ会とかで上村君とかから聞いてると思いますが、関連研究を調べる際の検索エンジンリンク集を作成しました 参考にしてください <https://github.com/kait-takanolab/knowledge/wiki/%E8%AB%96%E6%96%87%E6%A4%9C%E7%B4%A2%E3%82%A8%E3%83%B3%E3%82%B8%E3%83%B3>
satotoshiki,t.kasai,引き継ぎ会とかで上村君とかから聞いてると思いますが、関連研究を調べる際の検索エンジンリンク集を作成しました 参考にしてください <https://github.com/kait-takanolab/knowledge/wiki/%E8%AB%96%E6%96%87%E6%A4%9C%E7%B4%A2%E3%82%A8%E3%83%B3%E3%82%B8%E3%83%B3>
s1421163,t.kasai,引き継ぎ会とかで上村君とかから聞いてると思いますが、関連研究を調べる際の検索エンジンリンク集を作成しました 参考にしてください <https://github.com/kait-takanolab/knowledge/wiki/%E8%AB%96%E6%96%87%E6%A4%9C%E7%B4%A2%E3%82%A8%E3%83%B3%E3%82%B8%E3%83%B3>
hisatsugu_1521038,t.kasai,引き継ぎ会とかで上村君とかから聞いてると思いますが、関連研究を調べる際の検索エンジンリンク集を作成しました 参考にしてください <https://github.com/kait-takanolab/knowledge/wiki/%E8%AB%96%E6%96%87%E6%A4%9C%E7%B4%A2%E3%82%A8%E3%83%B3%E3%82%B8%E3%83%B3>
daiju.haga-1521042,t.kasai,引き継ぎ会とかで上村君とかから聞いてると思いますが、関連研究を調べる際の検索エンジンリンク集を作成しました 参考にしてください <https://github.com/kait-takanolab/knowledge/wiki/%E8%AB%96%E6%96%87%E6%A4%9C%E7%B4%A2%E3%82%A8%E3%83%B3%E3%82%B8%E3%83%B3>
tsukiji,t.kasai,<!channel> <@U4XUM59NX> 君が卒研ゼミ用のスライドテンプレートを作ってくれたので各自ダウンロードして使用してください :pray:
ko-hei,t.kasai,<!channel> <@U4XUM59NX> 君が卒研ゼミ用のスライドテンプレートを作ってくれたので各自ダウンロードして使用してください :pray:
satotoshiki,t.kasai,<!channel> <@U4XUM59NX> 君が卒研ゼミ用のスライドテンプレートを作ってくれたので各自ダウンロードして使用してください :pray:
s1421163,t.kasai,<!channel> <@U4XUM59NX> 君が卒研ゼミ用のスライドテンプレートを作ってくれたので各自ダウンロードして使用してください :pray:
daiju.haga-1521042,urano_ryoya,<!channel> 平成29年度の卒業論文要旨集をもらってない人が居たら連絡ください
shigetatomoki,ko-hei,備品購入について補足なのですが， 基本的に研究費で買うものは，研究室のものになります． そのまま私物になるわけではないので，そこはご注意ください．
urano_ryoya,ko-hei,備品購入について補足なのですが， 基本的に研究費で買うものは，研究室のものになります． そのまま私物になるわけではないので，そこはご注意ください．
shibamoto,ko-hei,備品購入について補足なのですが， 基本的に研究費で買うものは，研究室のものになります． そのまま私物になるわけではないので，そこはご注意ください．
satotoshiki,ko-hei,備品購入について補足なのですが， 基本的に研究費で買うものは，研究室のものになります． そのまま私物になるわけではないので，そこはご注意ください．
daiju.haga-1521042,ko-hei,備品購入について補足なのですが， 基本的に研究費で買うものは，研究室のものになります． そのまま私物になるわけではないので，そこはご注意ください．
urano_ryoya,ko-hei,常識を超える値段でなければ問題ないと思います．
urano_ryoya,t.kasai,上村くんに書いてもらう時点で相談してるようなものなのでまあ相談するってことですね
shigetatomoki,shibamoto,[note] 今年度の４ゼミは水曜3・4限です．バイトとか入れないようにしましょう．あと，水曜2限は3ゼミ（3年生のセミナー）があります．出席するようにしましょう．何かあれば後々，先生が連絡してくれると思われます．
hisatsugu_1521038,shibamoto,[note] 今年度の４ゼミは水曜3・4限です．バイトとか入れないようにしましょう．あと，水曜2限は3ゼミ（3年生のセミナー）があります．出席するようにしましょう．何かあれば後々，先生が連絡してくれると思われます．
satotoshiki,shibamoto,[note] 今年度の４ゼミは水曜3・4限です．バイトとか入れないようにしましょう．あと，水曜2限は3ゼミ（3年生のセミナー）があります．出席するようにしましょう．何かあれば後々，先生が連絡してくれると思われます．
urano_ryoya,shibamoto,来年度からもよろしくねー！！！！ あと、チャンネルとGitHub(のリポジトリ)作ってくれた人、ありがとー！  お土産は、重田君がたんまり買っていくのでお楽しみにー！
shigetatomoki,shibamoto,来年度からもよろしくねー！！！！ あと、チャンネルとGitHub(のリポジトリ)作ってくれた人、ありがとー！  お土産は、重田君がたんまり買っていくのでお楽しみにー！
daiju.haga-1521042,urano_ryoya,<https://github.com/kait-takanolab/knowledge>
hisatsugu_1521038,urano_ryoya,<https://github.com/kait-takanolab/knowledge>
satotoshiki,urano_ryoya,<https://github.com/kait-takanolab/knowledge>
